,year,Dem_candidate,Dem_votes,totalvotes,Rep_candidate,Rep_votes,Third_party_votes,state,Median income,Standard error,Population
0,1976,"CARTER, JIMMY",659170.0,1182850.0,"FORD, GERALD",504070.0,19610.0,Alabama,,,
1,1976,"CARTER, JIMMY",44058.0,123574.0,"FORD, GERALD",71555.0,7961.0,Alaska,,,
2,1976,"CARTER, JIMMY",295602.0,742719.0,"FORD, GERALD",418642.0,28475.0,Arizona,,,
3,1976,"CARTER, JIMMY",498604.0,767535.0,"FORD, GERALD",267903.0,1028.0,Arkansas,,,
4,1976,"CARTER, JIMMY",3742284.0,7803770.0,"FORD, GERALD",3882244.0,179242.0,California,,,
5,1976,"CARTER, JIMMY",460801.0,1081440.0,"FORD, GERALD",584278.0,36361.0,Colorado,,,
6,1976,"CARTER, JIMMY",647895.0,1386355.0,"FORD, GERALD",719261.0,19199.0,Connecticut,,,
7,1976,"CARTER, JIMMY",122461.0,235642.0,"FORD, GERALD",109780.0,3401.0,Delaware,,,
8,1976,"CARTER, JIMMY",137818.0,168830.0,"FORD, GERALD",27873.0,3139.0,District Of Columbia,,,
9,1976,"CARTER, JIMMY",1636000.0,3150631.0,"FORD, GERALD",1469531.0,45100.0,Florida,,,
10,1976,"CARTER, JIMMY",147375.0,291301.0,"FORD, GERALD",140003.0,3923.0,Hawaii,,,
11,1976,"CARTER, JIMMY",126549.0,340932.0,"FORD, GERALD",204151.0,10232.0,Idaho,,,
12,1976,"CARTER, JIMMY",2271295.0,4721282.0,"FORD, GERALD",2364269.0,85718.0,Illinois,,,
13,1976,"CARTER, JIMMY",1014714.0,2220362.0,"FORD, GERALD",1183958.0,21690.0,Indiana,,,
14,1976,"CARTER, JIMMY",619931.0,1279303.0,"FORD, GERALD",632864.0,26508.0,Iowa,,,
15,1976,"CARTER, JIMMY",430421.0,957845.0,"FORD, GERALD",502752.0,24672.0,Kansas,,,
16,1976,"CARTER, JIMMY",615717.0,1167142.0,"FORD, GERALD",531852.0,19573.0,Kentucky,,,
17,1976,"CARTER, JIMMY",661365.0,1277383.0,"FORD, GERALD",587446.0,28572.0,Louisiana,,,
18,1976,"CARTER, JIMMY",232279.0,482968.0,"FORD, GERALD",236320.0,14369.0,Maine,,,
19,1976,"CARTER, JIMMY",1429475.0,2547558.0,"FORD, GERALD",1030276.0,87807.0,Massachusetts,,,
20,1976,"CARTER, JIMMY",1696714.0,3651590.0,"FORD, GERALD",1893742.0,61134.0,Michigan,,,
21,1976,"CARTER, JIMMY",1070440.0,1949931.0,"FORD, GERALD",819395.0,60096.0,Minnesota,,,
22,1976,"CARTER, JIMMY",381329.0,768390.0,"FORD, GERALD",366846.0,20215.0,Mississippi,,,
23,1976,"CARTER, JIMMY",998387.0,1953600.0,"FORD, GERALD",927443.0,27770.0,Missouri,,,
24,1976,"CARTER, JIMMY",149259.0,328734.0,"FORD, GERALD",173703.0,5772.0,Montana,,,
25,1976,"CARTER, JIMMY",233293.0,606749.0,"FORD, GERALD",359219.0,14237.0,Nebraska,,,
26,1976,"CARTER, JIMMY",92479.0,201876.0,"FORD, GERALD",101273.0,8124.0,Nevada,,,
27,1976,"CARTER, JIMMY",147645.0,339627.0,"FORD, GERALD",185935.0,6047.0,New Hampshire,,,
28,1976,"CARTER, JIMMY",1444653.0,3014472.0,"FORD, GERALD",1509688.0,60131.0,New Jersey,,,
29,1976,"CARTER, JIMMY",201148.0,416590.0,"FORD, GERALD",211419.0,4023.0,New Mexico,,,
30,1976,"CARTER, JIMMY",3244165.0,6668262.0,"FORD, GERALD",2825913.0,598184.0,New York,,,
31,1976,"CARTER, JIMMY",927365.0,1677906.0,"FORD, GERALD",741960.0,8581.0,North Carolina,,,
32,1976,"CARTER, JIMMY",136078.0,297308.0,"FORD, GERALD",153684.0,7546.0,North Dakota,,,
33,1976,"CARTER, JIMMY",2009959.0,4110456.0,"FORD, GERALD",2000626.0,99871.0,Ohio,,,
34,1976,"CARTER, JIMMY",532442.0,1092251.0,"FORD, GERALD",545708.0,14101.0,Oklahoma,,,
35,1976,"CARTER, JIMMY",490407.0,1029876.0,"FORD, GERALD",492120.0,47349.0,Oregon,,,
36,1976,"CARTER, JIMMY",2328677.0,4620787.0,"FORD, GERALD",2205604.0,86506.0,Pennsylvania,,,
37,1976,"CARTER, JIMMY",227636.0,410584.0,"FORD, GERALD",181249.0,1699.0,Rhode Island,,,
38,1976,"CARTER, JIMMY",450807.0,802583.0,"FORD, GERALD",346149.0,5627.0,South Carolina,,,
39,1976,"CARTER, JIMMY",147068.0,300678.0,"FORD, GERALD",151505.0,2105.0,South Dakota,,,
40,1976,"CARTER, JIMMY",825879.0,1476346.0,"FORD, GERALD",633969.0,16498.0,Tennessee,,,
41,1976,"CARTER, JIMMY",2082319.0,4071884.0,"FORD, GERALD",1953300.0,36265.0,Texas,,,
42,1976,"CARTER, JIMMY",182110.0,541218.0,"FORD, GERALD",337908.0,21200.0,Utah,,,
43,1976,"CARTER, JIMMY",77798.0,183902.0,"FORD, GERALD",100387.0,5717.0,Vermont,,,
44,1976,"CARTER, JIMMY",813896.0,1697094.0,"FORD, GERALD",836554.0,46644.0,Virginia,,,
45,1976,"CARTER, JIMMY",717323.0,1555534.0,"FORD, GERALD",777732.0,60479.0,Washington,,,
46,1976,"CARTER, JIMMY",1040232.0,2101336.0,"FORD, GERALD",1004987.0,56117.0,Wisconsin,,,
47,1976,"CARTER, JIMMY",62239.0,156343.0,"FORD, GERALD",92717.0,1387.0,Wyoming,,,
48,1980,"CARTER, JIMMY",636730.0,1341929.0,"REAGAN, RONALD",654192.0,51007.0,Alabama,,,3893888.0
49,1980,"CARTER, JIMMY",41842.0,158445.0,"REAGAN, RONALD",86112.0,30491.0,Alaska,,,401851.0
50,1980,"CARTER, JIMMY",246843.0,873945.0,"REAGAN, RONALD",529688.0,97414.0,Arizona,,,2718215.0
51,1980,"CARTER, JIMMY",398041.0,837582.0,"REAGAN, RONALD",403164.0,36377.0,Arkansas,,,2286435.0
52,1980,"CARTER, JIMMY",3082943.0,8582938.0,"REAGAN, RONALD",4522994.0,977001.0,California,,,23667902.0
53,1980,"CARTER, JIMMY",368009.0,1184450.0,"REAGAN, RONALD",652264.0,164177.0,Colorado,,,2889964.0
54,1980,"CARTER, JIMMY",541732.0,1406285.0,"REAGAN, RONALD",677210.0,187343.0,Connecticut,,,3107576.0
55,1980,"CARTER, JIMMY",105754.0,235668.0,"REAGAN, RONALD",111252.0,18662.0,Delaware,,,594338.0
56,1980,"CARTER, JIMMY",130231.0,173889.0,"REAGAN, RONALD",23313.0,20345.0,District Of Columbia,,,
57,1980,"CARTER, JIMMY",1419475.0,3686927.0,"REAGAN, RONALD",2046951.0,220501.0,Florida,,,9746324.0
58,1980,"CARTER, JIMMY",890955.0,1596805.0,"REAGAN, RONALD",654168.0,51682.0,Georgia,,,5463105.0
59,1980,"CARTER, JIMMY",135879.0,303287.0,"REAGAN, RONALD",130112.0,37296.0,Hawaii,,,964691.0
60,1980,"CARTER, JIMMY",110192.0,437431.0,"REAGAN, RONALD",290699.0,36540.0,Idaho,,,943935.0
61,1980,"CARTER, JIMMY",1981413.0,4749721.0,"REAGAN, RONALD",2358049.0,410259.0,Illinois,,,11426518.0
62,1980,"CARTER, JIMMY",844197.0,2242033.0,"REAGAN, RONALD",1255656.0,142180.0,Indiana,,,5490224.0
63,1980,"CARTER, JIMMY",508672.0,1317661.0,"REAGAN, RONALD",676026.0,132963.0,Iowa,,,2913808.0
64,1980,"CARTER, JIMMY",326150.0,979795.0,"REAGAN, RONALD",566812.0,86833.0,Kansas,,,2363679.0
65,1980,"CARTER, JIMMY",617417.0,1295627.0,"REAGAN, RONALD",635274.0,42936.0,Kentucky,,,3660777.0
66,1980,"CARTER, JIMMY",708453.0,1548591.0,"REAGAN, RONALD",792853.0,47285.0,Louisiana,,,4205900.0
67,1980,"CARTER, JIMMY",220974.0,523011.0,"REAGAN, RONALD",238522.0,63515.0,Maine,,,1124660.0
68,1980,"CARTER, JIMMY",726161.0,1540496.0,"REAGAN, RONALD",680606.0,133729.0,Maryland,,,4216975.0
69,1980,"CARTER, JIMMY",1053802.0,2524090.0,"REAGAN, RONALD",1057631.0,412657.0,Massachusetts,,,5737037.0
70,1980,"CARTER, JIMMY",1661532.0,3909725.0,"REAGAN, RONALD",1915225.0,332968.0,Michigan,,,9262078.0
71,1980,"CARTER, JIMMY",954173.0,2051916.0,"REAGAN, RONALD",873268.0,224475.0,Minnesota,,,4075970.0
72,1980,"CARTER, JIMMY",429281.0,891750.0,"REAGAN, RONALD",441089.0,21380.0,Mississippi,,,2520638.0
73,1980,"CARTER, JIMMY",931182.0,2099824.0,"REAGAN, RONALD",1074181.0,94461.0,Missouri,,,4916686.0
74,1980,"CARTER, JIMMY",118032.0,363952.0,"REAGAN, RONALD",206814.0,39106.0,Montana,,,786690.0
75,1980,"CARTER, JIMMY",166424.0,639533.0,"REAGAN, RONALD",419214.0,53895.0,Nebraska,,,1569825.0
76,1980,"CARTER, JIMMY",66666.0,243692.0,"REAGAN, RONALD",155017.0,22009.0,Nevada,,,800493.0
77,1980,"CARTER, JIMMY",108864.0,383990.0,"REAGAN, RONALD",221705.0,53421.0,New Hampshire,,,920610.0
78,1980,"CARTER, JIMMY",1147364.0,2975684.0,"REAGAN, RONALD",1546557.0,281763.0,New Jersey,,,7364823.0
79,1980,"CARTER, JIMMY",167826.0,456237.0,"REAGAN, RONALD",250779.0,37632.0,New Mexico,,,1302894.0
80,1980,"CARTER, JIMMY",2728372.0,6201959.0,"REAGAN, RONALD",2637700.0,835887.0,New York,,,17558072.0
81,1980,"CARTER, JIMMY",875635.0,1855833.0,"REAGAN, RONALD",915018.0,65180.0,North Carolina,,,5881766.0
82,1980,"CARTER, JIMMY",79189.0,301116.0,"REAGAN, RONALD",193695.0,28232.0,North Dakota,,,652717.0
83,1980,"CARTER, JIMMY",1752414.0,4283603.0,"REAGAN, RONALD",2206545.0,324644.0,Ohio,,,10797630.0
84,1980,"CARTER, JIMMY",402026.0,1149708.0,"REAGAN, RONALD",695570.0,52112.0,Oklahoma,,,3025290.0
85,1980,"CARTER, JIMMY",456890.0,1181516.0,"REAGAN, RONALD",571044.0,153582.0,Oregon,,,2633105.0
86,1980,"CARTER, JIMMY",1937540.0,4561501.0,"REAGAN, RONALD",2261872.0,362089.0,Pennsylvania,,,11863895.0
87,1980,"CARTER, JIMMY",198342.0,415967.0,"REAGAN, RONALD",154793.0,62832.0,Rhode Island,,,947154.0
88,1980,"CARTER, JIMMY",428220.0,888258.0,"REAGAN, RONALD",439277.0,20761.0,South Carolina,,,3121820.0
89,1980,"CARTER, JIMMY",103855.0,327703.0,"REAGAN, RONALD",198343.0,25505.0,South Dakota,,,690768.0
90,1980,"CARTER, JIMMY",783051.0,1617616.0,"REAGAN, RONALD",787761.0,46804.0,Tennessee,,,4591120.0
91,1980,"CARTER, JIMMY",1881147.0,4541636.0,"REAGAN, RONALD",2510705.0,149784.0,Texas,,,14229191.0
92,1980,"CARTER, JIMMY",124266.0,604152.0,"REAGAN, RONALD",439687.0,40199.0,Utah,,,1461037.0
93,1980,"CARTER, JIMMY",81952.0,213299.0,"REAGAN, RONALD",94628.0,36719.0,Vermont,,,511456.0
94,1980,"CARTER, JIMMY",752174.0,1866032.0,"REAGAN, RONALD",989609.0,124249.0,Virginia,,,5346818.0
95,1980,"CARTER, JIMMY",650193.0,1742394.0,"REAGAN, RONALD",865244.0,226957.0,Washington,,,4132156.0
96,1980,"CARTER, JIMMY",367462.0,737715.0,"REAGAN, RONALD",334206.0,36047.0,West Virginia,,,1949644.0
97,1980,"CARTER, JIMMY",981584.0,2273221.0,"REAGAN, RONALD",1088845.0,202792.0,Wisconsin,,,4705767.0
98,1980,"CARTER, JIMMY",49427.0,176713.0,"REAGAN, RONALD",110700.0,16586.0,Wyoming,,,469557.0
99,1984,"MONDALE, WALTER",551899.0,1441713.0,"REAGAN, RONALD",872849.0,16965.0,Alabama,41190.0,1440.0,
100,1984,"MONDALE, WALTER",62007.0,207605.0,"REAGAN, RONALD",138377.0,7221.0,Alaska,76992.0,3505.0,
101,1984,"MONDALE, WALTER",333854.0,1025897.0,"REAGAN, RONALD",681416.0,10627.0,Arizona,50981.0,1449.0,
102,1984,"MONDALE, WALTER",338646.0,884406.0,"REAGAN, RONALD",534774.0,10986.0,Arkansas,37297.0,1780.0,
103,1984,"MONDALE, WALTER",3922519.0,9505041.0,"REAGAN, RONALD",5467009.0,115513.0,California,60171.0,866.0,
104,1984,"MONDALE, WALTER",454975.0,1295380.0,"REAGAN, RONALD",821817.0,18588.0,Colorado,61394.0,1916.0,
105,1984,"MONDALE, WALTER",569597.0,1466900.0,"REAGAN, RONALD",890877.0,6426.0,Connecticut,71269.0,2946.0,
106,1984,"MONDALE, WALTER",101656.0,254572.0,"REAGAN, RONALD",152190.0,726.0,Delaware,61437.0,2444.0,
107,1984,"MONDALE, WALTER",180408.0,211288.0,"REAGAN, RONALD",29009.0,1871.0,District Of Columbia,,,
108,1984,"MONDALE, WALTER",1448816.0,4180051.0,"REAGAN, RONALD",2730350.0,885.0,Florida,47079.0,1114.0,
109,1984,"MONDALE, WALTER",706628.0,1776103.0,"REAGAN, RONALD",1068722.0,753.0,Georgia,47552.0,1939.0,
110,1984,"MONDALE, WALTER",147154.0,335846.0,"REAGAN, RONALD",185050.0,3642.0,Hawaii,68714.0,2894.0,
111,1984,"MONDALE, WALTER",108510.0,411144.0,"REAGAN, RONALD",297523.0,5111.0,Idaho,50189.0,2291.0,
112,1984,"MONDALE, WALTER",2086499.0,4819088.0,"REAGAN, RONALD",2707103.0,25486.0,Illinois,56518.0,1349.0,
113,1984,"MONDALE, WALTER",841481.0,2233069.0,"REAGAN, RONALD",1377230.0,14358.0,Indiana,54182.0,1689.0,
114,1984,"MONDALE, WALTER",605620.0,1319805.0,"REAGAN, RONALD",703088.0,11097.0,Iowa,47265.0,1773.0,
115,1984,"MONDALE, WALTER",333149.0,1021991.0,"REAGAN, RONALD",677296.0,11546.0,Kansas,58605.0,2170.0,
116,1984,"MONDALE, WALTER",539539.0,1369345.0,"REAGAN, RONALD",821702.0,8104.0,Kentucky,42070.0,2568.0,
117,1984,"MONDALE, WALTER",651586.0,1706822.0,"REAGAN, RONALD",1037299.0,17937.0,Louisiana,45090.0,2094.0,
118,1984,"MONDALE, WALTER",214515.0,553144.0,"REAGAN, RONALD",336500.0,2129.0,Maine,49132.0,2104.0,
119,1984,"MONDALE, WALTER",787935.0,1675873.0,"REAGAN, RONALD",879918.0,8020.0,Maryland,70691.0,2739.0,
120,1984,"MONDALE, WALTER",1239606.0,2559383.0,"REAGAN, RONALD",1310936.0,8841.0,Massachusetts,64150.0,1649.0,
121,1984,"MONDALE, WALTER",1529638.0,3801658.0,"REAGAN, RONALD",2251571.0,20449.0,Michigan,54646.0,1511.0,
122,1984,"MONDALE, WALTER",1036364.0,2084449.0,"REAGAN, RONALD",1032603.0,15482.0,Minnesota,58146.0,2175.0,
123,1984,"MONDALE, WALTER",352192.0,941104.0,"REAGAN, RONALD",582377.0,6535.0,Mississippi,36716.0,1742.0,
124,1984,"MONDALE, WALTER",146742.0,384377.0,"REAGAN, RONALD",232450.0,5185.0,Montana,46486.0,1713.0,
125,1984,"MONDALE, WALTER",187866.0,652090.0,"REAGAN, RONALD",460054.0,4170.0,Nebraska,50915.0,1820.0,
126,1984,"MONDALE, WALTER",91655.0,282717.0,"REAGAN, RONALD",188770.0,2292.0,Nevada,61335.0,2422.0,
127,1984,"MONDALE, WALTER",120347.0,388904.0,"REAGAN, RONALD",267050.0,1507.0,New Hampshire,61663.0,1749.0,
128,1984,"MONDALE, WALTER",1261323.0,3217862.0,"REAGAN, RONALD",1933630.0,22909.0,New Jersey,66094.0,1904.0,
129,1984,"MONDALE, WALTER",201769.0,514370.0,"REAGAN, RONALD",307101.0,5500.0,New Mexico,49090.0,2449.0,
130,1984,"MONDALE, WALTER",3001285.0,6806810.0,"REAGAN, RONALD",3376519.0,429006.0,New York,52414.0,992.0,
131,1984,"MONDALE, WALTER",824287.0,2175361.0,"REAGAN, RONALD",1346481.0,4593.0,North Carolina,48944.0,1525.0,
132,1984,"MONDALE, WALTER",104429.0,308971.0,"REAGAN, RONALD",200336.0,4206.0,North Dakota,49425.0,2470.0,
133,1984,"MONDALE, WALTER",1825440.0,4563235.0,"REAGAN, RONALD",2678559.0,59236.0,Ohio,55022.0,1171.0,
134,1984,"MONDALE, WALTER",385080.0,1255676.0,"REAGAN, RONALD",861530.0,9066.0,Oklahoma,50322.0,1708.0,
135,1984,"MONDALE, WALTER",536479.0,1226527.0,"REAGAN, RONALD",685700.0,4348.0,Oregon,50919.0,1773.0,
136,1984,"MONDALE, WALTER",2228131.0,4844903.0,"REAGAN, RONALD",2584323.0,32449.0,Pennsylvania,48414.0,1187.0,
137,1984,"MONDALE, WALTER",197106.0,410489.0,"REAGAN, RONALD",212080.0,1303.0,Rhode Island,51426.0,2018.0,
138,1984,"MONDALE, WALTER",344459.0,968529.0,"REAGAN, RONALD",615539.0,8531.0,South Carolina,48326.0,2222.0,
139,1984,"MONDALE, WALTER",116113.0,317867.0,"REAGAN, RONALD",200267.0,1487.0,South Dakota,46184.0,2208.0,
140,1984,"MONDALE, WALTER",711714.0,1711993.0,"REAGAN, RONALD",990212.0,10067.0,Tennessee,39933.0,1371.0,
141,1984,"MONDALE, WALTER",1949276.0,5397571.0,"REAGAN, RONALD",3433428.0,14867.0,Texas,54786.0,1268.0,
142,1984,"MONDALE, WALTER",155369.0,629656.0,"REAGAN, RONALD",469105.0,5182.0,Utah,54865.0,1749.0,
143,1984,"MONDALE, WALTER",95730.0,234561.0,"REAGAN, RONALD",135865.0,2966.0,Vermont,53725.0,2339.0,
144,1984,"MONDALE, WALTER",796250.0,2146635.0,"REAGAN, RONALD",1337078.0,13307.0,Virginia,63117.0,2080.0,
145,1984,"MONDALE, WALTER",798352.0,1874910.0,"REAGAN, RONALD",1051670.0,24888.0,Washington,59529.0,1958.0,
146,1984,"MONDALE, WALTER",328125.0,735742.0,"REAGAN, RONALD",405483.0,2134.0,West Virginia,40078.0,1447.0,
147,1984,"MONDALE, WALTER",995740.0,2211689.0,"REAGAN, RONALD",1198584.0,17365.0,Wisconsin,49358.0,1954.0,
148,1984,"MONDALE, WALTER",53370.0,188968.0,"REAGAN, RONALD",133241.0,2357.0,Wyoming,56671.0,1739.0,
149,1988,"DUKAKIS, MICHAEL",549506.0,1378476.0,"BUSH, GEORGE H.W.",815576.0,13394.0,Alabama,42082.0,1924.0,
150,1988,"DUKAKIS, MICHAEL",72584.0,200116.0,"BUSH, GEORGE H.W.",119251.0,8281.0,Alaska,69833.0,2496.0,
151,1988,"DUKAKIS, MICHAEL",454029.0,1171873.0,"BUSH, GEORGE H.W.",702541.0,15303.0,Arizona,55767.0,1778.0,
152,1988,"DUKAKIS, MICHAEL",349237.0,827738.0,"BUSH, GEORGE H.W.",466578.0,11923.0,Arkansas,42554.0,1489.0,
153,1988,"DUKAKIS, MICHAEL",4702233.0,9887065.0,"BUSH, GEORGE H.W.",5054917.0,129915.0,California,63893.0,1337.0,
154,1988,"DUKAKIS, MICHAEL",621453.0,1372394.0,"BUSH, GEORGE H.W.",728177.0,22764.0,Colorado,55300.0,2711.0,
155,1988,"DUKAKIS, MICHAEL",676584.0,1443394.0,"BUSH, GEORGE H.W.",750241.0,16569.0,Connecticut,76394.0,2728.0,
156,1988,"DUKAKIS, MICHAEL",108647.0,249891.0,"BUSH, GEORGE H.W.",139639.0,1605.0,Delaware,64353.0,2462.0,
157,1988,"DUKAKIS, MICHAEL",159407.0,192877.0,"BUSH, GEORGE H.W.",27590.0,5880.0,District Of Columbia,,,
158,1988,"DUKAKIS, MICHAEL",1656701.0,4302313.0,"BUSH, GEORGE H.W.",2618885.0,26727.0,Florida,53596.0,1002.0,
159,1988,"DUKAKIS, MICHAEL",714792.0,1809672.0,"BUSH, GEORGE H.W.",1081331.0,13549.0,Georgia,56043.0,1890.0,
160,1988,"DUKAKIS, MICHAEL",192364.0,354461.0,"BUSH, GEORGE H.W.",158625.0,3472.0,Hawaii,69667.0,3126.0,
161,1988,"DUKAKIS, MICHAEL",147272.0,408968.0,"BUSH, GEORGE H.W.",253881.0,7815.0,Idaho,49470.0,2118.0,
162,1988,"DUKAKIS, MICHAEL",2215940.0,4559120.0,"BUSH, GEORGE H.W.",2310939.0,32241.0,Illinois,62283.0,1591.0,
163,1988,"DUKAKIS, MICHAEL",860643.0,2168621.0,"BUSH, GEORGE H.W.",1297763.0,10215.0,Indiana,55467.0,1964.0,
164,1988,"DUKAKIS, MICHAEL",670557.0,1225614.0,"BUSH, GEORGE H.W.",545355.0,9702.0,Iowa,51273.0,2274.0,
165,1988,"DUKAKIS, MICHAEL",422636.0,993044.0,"BUSH, GEORGE H.W.",554049.0,16359.0,Kansas,53933.0,2432.0,
166,1988,"DUKAKIS, MICHAEL",580368.0,1322517.0,"BUSH, GEORGE H.W.",734281.0,7868.0,Kentucky,41995.0,1690.0,
167,1988,"DUKAKIS, MICHAEL",717460.0,1628202.0,"BUSH, GEORGE H.W.",883702.0,27040.0,Louisiana,43240.0,3110.0,
168,1988,"DUKAKIS, MICHAEL",243569.0,555035.0,"BUSH, GEORGE H.W.",307131.0,4335.0,Maine,55697.0,1987.0,
169,1988,"DUKAKIS, MICHAEL",826304.0,1714358.0,"BUSH, GEORGE H.W.",876167.0,11887.0,Maryland,77109.0,2523.0,
170,1988,"DUKAKIS, MICHAEL",1401415.0,2632801.0,"BUSH, GEORGE H.W.",1194635.0,36751.0,Massachusetts,70065.0,1770.0,
171,1988,"DUKAKIS, MICHAEL",1675783.0,3669163.0,"BUSH, GEORGE H.W.",1965486.0,27894.0,Michigan,62173.0,1281.0,
172,1988,"DUKAKIS, MICHAEL",1109471.0,2096790.0,"BUSH, GEORGE H.W.",962337.0,24982.0,Minnesota,61361.0,2196.0,
173,1988,"DUKAKIS, MICHAEL",363921.0,931527.0,"BUSH, GEORGE H.W.",557890.0,9716.0,Mississippi,38323.0,1873.0,
174,1988,"DUKAKIS, MICHAEL",1001619.0,2093228.0,"BUSH, GEORGE H.W.",1084953.0,6656.0,Missouri,49455.0,2295.0,
175,1988,"DUKAKIS, MICHAEL",168936.0,365674.0,"BUSH, GEORGE H.W.",190412.0,6326.0,Montana,46898.0,1749.0,
176,1988,"DUKAKIS, MICHAEL",259235.0,661465.0,"BUSH, GEORGE H.W.",397956.0,4274.0,Nebraska,53075.0,2025.0,
177,1988,"DUKAKIS, MICHAEL",132738.0,343133.0,"BUSH, GEORGE H.W.",206040.0,4355.0,Nevada,59032.0,2017.0,
178,1988,"DUKAKIS, MICHAEL",163696.0,450525.0,"BUSH, GEORGE H.W.",281537.0,5292.0,New Hampshire,73044.0,2382.0,
179,1988,"DUKAKIS, MICHAEL",1320352.0,3099553.0,"BUSH, GEORGE H.W.",1743192.0,36009.0,New Jersey,76550.0,1388.0,
180,1988,"DUKAKIS, MICHAEL",244497.0,521387.0,"BUSH, GEORGE H.W.",270341.0,6549.0,New Mexico,40706.0,1757.0,
181,1988,"DUKAKIS, MICHAEL",3255487.0,6485683.0,"BUSH, GEORGE H.W.",2838414.0,391782.0,New York,60998.0,1409.0,
182,1988,"DUKAKIS, MICHAEL",890167.0,2134370.0,"BUSH, GEORGE H.W.",1237258.0,6945.0,North Carolina,51505.0,1131.0,
183,1988,"DUKAKIS, MICHAEL",127739.0,297261.0,"BUSH, GEORGE H.W.",166559.0,2963.0,North Dakota,50824.0,2129.0,
184,1988,"DUKAKIS, MICHAEL",1939629.0,4393585.0,"BUSH, GEORGE H.W.",2416549.0,37407.0,Ohio,58520.0,1342.0,
185,1988,"DUKAKIS, MICHAEL",483423.0,1171036.0,"BUSH, GEORGE H.W.",678367.0,9246.0,Oklahoma,49927.0,1595.0,
186,1988,"DUKAKIS, MICHAEL",616206.0,1201694.0,"BUSH, GEORGE H.W.",560126.0,25362.0,Oregon,58536.0,2426.0,
187,1988,"DUKAKIS, MICHAEL",2194944.0,4536251.0,"BUSH, GEORGE H.W.",2300087.0,41220.0,Pennsylvania,56414.0,1048.0,
188,1988,"DUKAKIS, MICHAEL",225123.0,404622.0,"BUSH, GEORGE H.W.",177761.0,1738.0,Rhode Island,62954.0,3342.0,
189,1988,"DUKAKIS, MICHAEL",370554.0,986009.0,"BUSH, GEORGE H.W.",606443.0,9012.0,South Carolina,53864.0,2426.0,
190,1988,"DUKAKIS, MICHAEL",145560.0,312991.0,"BUSH, GEORGE H.W.",165415.0,2016.0,South Dakota,47031.0,1483.0,
191,1988,"DUKAKIS, MICHAEL",679794.0,1636250.0,"BUSH, GEORGE H.W.",947233.0,9223.0,Tennessee,43997.0,2145.0,
192,1988,"DUKAKIS, MICHAEL",2352748.0,5427410.0,"BUSH, GEORGE H.W.",3036829.0,37833.0,Texas,52661.0,1228.0,
193,1988,"DUKAKIS, MICHAEL",207343.0,647008.0,"BUSH, GEORGE H.W.",428442.0,11223.0,Utah,55509.0,1918.0,
194,1988,"DUKAKIS, MICHAEL",115775.0,243328.0,"BUSH, GEORGE H.W.",124331.0,3222.0,Vermont,61152.0,2272.0,
195,1988,"DUKAKIS, MICHAEL",859799.0,2191609.0,"BUSH, GEORGE H.W.",1309162.0,22648.0,Virginia,68873.0,2783.0,
196,1988,"DUKAKIS, MICHAEL",933516.0,1865253.0,"BUSH, GEORGE H.W.",903835.0,27902.0,Washington,68196.0,2173.0,
197,1988,"DUKAKIS, MICHAEL",341016.0,653311.0,"BUSH, GEORGE H.W.",310065.0,2230.0,West Virginia,40827.0,1962.0,
198,1988,"DUKAKIS, MICHAEL",1126794.0,2191608.0,"BUSH, GEORGE H.W.",1047499.0,17315.0,Wisconsin,62391.0,2063.0,
199,1988,"DUKAKIS, MICHAEL",67113.0,176551.0,"BUSH, GEORGE H.W.",106867.0,2571.0,Wyoming,55733.0,2310.0,
200,1992,"CLINTON, BILL",690080.0,1688060.0,"BUSH, GEORGE H.W.",804283.0,193697.0,Alabama,46803.0,1919.0,
201,1992,"CLINTON, BILL",78294.0,258506.0,"BUSH, GEORGE H.W.",102000.0,78212.0,Alaska,75808.0,2096.0,
202,1992,"CLINTON, BILL",543050.0,1486975.0,"BUSH, GEORGE H.W.",572086.0,371839.0,Arizona,53241.0,1973.0,
203,1992,"CLINTON, BILL",505823.0,950653.0,"BUSH, GEORGE H.W.",337324.0,107506.0,Arkansas,43310.0,2535.0,
204,1992,"CLINTON, BILL",5121325.0,11131721.0,"BUSH, GEORGE H.W.",3630574.0,2379822.0,California,63297.0,1141.0,
205,1992,"CLINTON, BILL",629681.0,1569180.0,"BUSH, GEORGE H.W.",562850.0,376649.0,Colorado,58910.0,2668.0,
206,1992,"CLINTON, BILL",682318.0,1616156.0,"BUSH, GEORGE H.W.",578313.0,355525.0,Connecticut,74066.0,3576.0,
207,1992,"CLINTON, BILL",126054.0,289620.0,"BUSH, GEORGE H.W.",102313.0,61253.0,Delaware,64702.0,2526.0,
208,1992,"CLINTON, BILL",192619.0,227572.0,"BUSH, GEORGE H.W.",20698.0,14255.0,District Of Columbia,,,
209,1992,"CLINTON, BILL",2071698.0,5313392.0,"BUSH, GEORGE H.W.",2173310.0,1068384.0,Florida,49598.0,954.0,
210,1992,"CLINTON, BILL",1008966.0,2321133.0,"BUSH, GEORGE H.W.",995252.0,316915.0,Georgia,52224.0,2227.0,
211,1992,"CLINTON, BILL",179310.0,372842.0,"BUSH, GEORGE H.W.",136822.0,56710.0,Hawaii,76372.0,2602.0,
212,1992,"CLINTON, BILL",137013.0,482114.0,"BUSH, GEORGE H.W.",202645.0,142456.0,Idaho,50242.0,1585.0,
213,1992,"CLINTON, BILL",2453350.0,5050157.0,"BUSH, GEORGE H.W.",1734096.0,862711.0,Illinois,57218.0,1364.0,
214,1992,"CLINTON, BILL",848420.0,2305871.0,"BUSH, GEORGE H.W.",989375.0,468076.0,Indiana,51739.0,2385.0,
215,1992,"CLINTON, BILL",586353.0,1354607.0,"BUSH, GEORGE H.W.",504891.0,263363.0,Iowa,52126.0,1763.0,
216,1992,"CLINTON, BILL",390434.0,1157236.0,"BUSH, GEORGE H.W.",449951.0,316851.0,Kansas,55033.0,2062.0,
217,1992,"CLINTON, BILL",665104.0,1492900.0,"BUSH, GEORGE H.W.",617178.0,210618.0,Kentucky,42590.0,2283.0,
218,1992,"CLINTON, BILL",815971.0,1790017.0,"BUSH, GEORGE H.W.",733386.0,240660.0,Louisiana,46134.0,2071.0,
219,1992,"CLINTON, BILL",263420.0,679499.0,"BUSH, GEORGE H.W.",206504.0,209575.0,Maine,53711.0,1861.0,
220,1992,"CLINTON, BILL",988571.0,1984580.0,"BUSH, GEORGE H.W.",707094.0,288915.0,Maryland,67468.0,2949.0,
221,1992,"CLINTON, BILL",1318639.0,2773664.0,"BUSH, GEORGE H.W.",805039.0,649986.0,Massachusetts,65937.0,1338.0,
222,1992,"CLINTON, BILL",1871182.0,4274673.0,"BUSH, GEORGE H.W.",1554940.0,848551.0,Michigan,58517.0,1380.0,
223,1992,"CLINTON, BILL",1020997.0,2347948.0,"BUSH, GEORGE H.W.",747841.0,579110.0,Minnesota,56184.0,2352.0,
224,1992,"CLINTON, BILL",400258.0,981793.0,"BUSH, GEORGE H.W.",487793.0,93742.0,Mississippi,37304.0,1948.0,
225,1992,"CLINTON, BILL",1053873.0,2391270.0,"BUSH, GEORGE H.W.",811159.0,526238.0,Missouri,49619.0,2631.0,
226,1992,"CLINTON, BILL",154507.0,410583.0,"BUSH, GEORGE H.W.",144207.0,111869.0,Montana,48103.0,1320.0,
227,1992,"CLINTON, BILL",216864.0,737546.0,"BUSH, GEORGE H.W.",343678.0,177004.0,Nebraska,54492.0,1942.0,
228,1992,"CLINTON, BILL",189148.0,506318.0,"BUSH, GEORGE H.W.",175828.0,141342.0,Nevada,57866.0,1444.0,
229,1992,"CLINTON, BILL",209040.0,537215.0,"BUSH, GEORGE H.W.",202484.0,125691.0,New Hampshire,71518.0,3486.0,
230,1992,"CLINTON, BILL",1436206.0,3343594.0,"BUSH, GEORGE H.W.",1356865.0,550523.0,New Jersey,70727.0,1525.0,
231,1992,"CLINTON, BILL",261617.0,569986.0,"BUSH, GEORGE H.W.",212824.0,95545.0,New Mexico,46897.0,2443.0,
232,1992,"CLINTON, BILL",3346894.0,7079432.0,"BUSH, GEORGE H.W.",2041690.0,1690848.0,New York,56311.0,959.0,
233,1992,"CLINTON, BILL",1114042.0,2611850.0,"BUSH, GEORGE H.W.",1134661.0,363147.0,North Carolina,50363.0,1117.0,
234,1992,"CLINTON, BILL",99168.0,308133.0,"BUSH, GEORGE H.W.",136244.0,72721.0,North Dakota,48890.0,1634.0,
235,1992,"CLINTON, BILL",1984942.0,4939967.0,"BUSH, GEORGE H.W.",1894310.0,1060715.0,Ohio,56951.0,1065.0,
236,1992,"CLINTON, BILL",473066.0,1390359.0,"BUSH, GEORGE H.W.",592929.0,324364.0,Oklahoma,45853.0,1950.0,
237,1992,"CLINTON, BILL",621314.0,1462643.0,"BUSH, GEORGE H.W.",475757.0,365572.0,Oregon,57900.0,3698.0,
238,1992,"CLINTON, BILL",2239164.0,4959810.0,"BUSH, GEORGE H.W.",1791841.0,928805.0,Pennsylvania,54191.0,1210.0,
239,1992,"CLINTON, BILL",213299.0,453365.0,"BUSH, GEORGE H.W.",131601.0,108465.0,Rhode Island,55189.0,2599.0,
240,1992,"CLINTON, BILL",525514.0,1228912.0,"BUSH, GEORGE H.W.",577507.0,125891.0,South Carolina,50013.0,2601.0,
241,1992,"CLINTON, BILL",124888.0,336254.0,"BUSH, GEORGE H.W.",136718.0,74648.0,South Dakota,47621.0,1213.0,
242,1992,"CLINTON, BILL",933521.0,1982638.0,"BUSH, GEORGE H.W.",841300.0,207817.0,Tennessee,44101.0,1656.0,
243,1992,"CLINTON, BILL",2281815.0,6154018.0,"BUSH, GEORGE H.W.",2496071.0,1376132.0,Texas,50693.0,1150.0,
244,1992,"CLINTON, BILL",183429.0,743998.0,"BUSH, GEORGE H.W.",322632.0,237937.0,Utah,62115.0,2076.0,
245,1992,"CLINTON, BILL",133592.0,289701.0,"BUSH, GEORGE H.W.",88122.0,67987.0,Vermont,59402.0,2417.0,
246,1992,"CLINTON, BILL",1038650.0,2559129.0,"BUSH, GEORGE H.W.",1150517.0,369962.0,Virginia,69272.0,2465.0,
247,1992,"CLINTON, BILL",993037.0,2287565.0,"BUSH, GEORGE H.W.",731234.0,563294.0,Washington,61478.0,2261.0,
248,1992,"CLINTON, BILL",331001.0,683677.0,"BUSH, GEORGE H.W.",241974.0,110702.0,West Virginia,36762.0,1618.0,
249,1992,"CLINTON, BILL",1041066.0,2531064.0,"BUSH, GEORGE H.W.",930855.0,559143.0,Wisconsin,60404.0,1989.0,
250,1992,"CLINTON, BILL",68160.0,199884.0,"BUSH, GEORGE H.W.",79347.0,52377.0,Wyoming,54784.0,2575.0,
251,1996,"CLINTON, BILL",662165.0,1534349.0,"DOLE, ROBERT",769044.0,103140.0,Alabama,49940.0,2073.0,
252,1996,"CLINTON, BILL",80380.0,241620.0,"DOLE, ROBERT",122746.0,38494.0,Alaska,86984.0,3143.0,
253,1996,"CLINTON, BILL",653288.0,1404405.0,"DOLE, ROBERT",622073.0,129044.0,Arizona,52140.0,2100.0,
254,1996,"CLINTON, BILL",475171.0,884262.0,"DOLE, ROBERT",325416.0,83675.0,Arkansas,44701.0,1612.0,
255,1996,"CLINTON, BILL",5119835.0,10019469.0,"DOLE, ROBERT",3828381.0,1071253.0,California,63965.0,1348.0,
256,1996,"CLINTON, BILL",671152.0,1510702.0,"DOLE, ROBERT",691848.0,147702.0,Colorado,67489.0,2190.0,
257,1996,"CLINTON, BILL",735740.0,1392614.0,"DOLE, ROBERT",483109.0,173765.0,Connecticut,69415.0,5088.0,
258,1996,"CLINTON, BILL",140355.0,270810.0,"DOLE, ROBERT",99062.0,31393.0,Delaware,64784.0,2311.0,
259,1996,"CLINTON, BILL",158220.0,185726.0,"DOLE, ROBERT",17339.0,10167.0,District Of Columbia,,,
260,1996,"CLINTON, BILL",2546870.0,5303154.0,"DOLE, ROBERT",2244536.0,511748.0,Florida,50499.0,845.0,
261,1996,"CLINTON, BILL",1053849.0,2298899.0,"DOLE, ROBERT",1080843.0,164207.0,Georgia,53556.0,2746.0,
262,1996,"CLINTON, BILL",205012.0,360120.0,"DOLE, ROBERT",113943.0,41165.0,Hawaii,68843.0,3120.0,
263,1996,"CLINTON, BILL",165443.0,491711.0,"DOLE, ROBERT",256595.0,69673.0,Idaho,57203.0,2210.0,
264,1996,"CLINTON, BILL",2341744.0,4311391.0,"DOLE, ROBERT",1587021.0,382626.0,Illinois,65188.0,1824.0,
265,1996,"CLINTON, BILL",887424.0,2135431.0,"DOLE, ROBERT",1006693.0,241314.0,Indiana,57925.0,2139.0,
266,1996,"CLINTON, BILL",620258.0,1234075.0,"DOLE, ROBERT",492644.0,121173.0,Iowa,54731.0,2517.0,
267,1996,"CLINTON, BILL",387659.0,1074300.0,"DOLE, ROBERT",583245.0,103396.0,Kansas,53703.0,2406.0,
268,1996,"CLINTON, BILL",636614.0,1388708.0,"DOLE, ROBERT",623283.0,128811.0,Kentucky,53419.0,2372.0,
269,1996,"CLINTON, BILL",927837.0,1783959.0,"DOLE, ROBERT",712586.0,143536.0,Louisiana,49874.0,2126.0,
270,1996,"CLINTON, BILL",312788.0,605897.0,"DOLE, ROBERT",186378.0,106731.0,Maine,57182.0,1996.0,
271,1996,"CLINTON, BILL",966207.0,1780870.0,"DOLE, ROBERT",681530.0,133133.0,Maryland,72504.0,4227.0,
272,1996,"CLINTON, BILL",1571509.0,2556459.0,"DOLE, ROBERT",718058.0,266892.0,Massachusetts,65089.0,3184.0,
273,1996,"CLINTON, BILL",1989653.0,3848844.0,"DOLE, ROBERT",1481212.0,377979.0,Michigan,64646.0,1884.0,
274,1996,"CLINTON, BILL",1120380.0,2192492.0,"DOLE, ROBERT",766395.0,305717.0,Minnesota,67556.0,2019.0,
275,1996,"CLINTON, BILL",394022.0,893857.0,"DOLE, ROBERT",439838.0,59997.0,Mississippi,43966.0,2169.0,
276,1996,"CLINTON, BILL",1025935.0,2158065.0,"DOLE, ROBERT",890016.0,242114.0,Missouri,56471.0,2494.0,
277,1996,"CLINTON, BILL",167922.0,407083.0,"DOLE, ROBERT",179652.0,59509.0,Montana,47273.0,2581.0,
278,1996,"CLINTON, BILL",236761.0,677415.0,"DOLE, ROBERT",363467.0,77187.0,Nebraska,56058.0,2472.0,
279,1996,"CLINTON, BILL",203974.0,464279.0,"DOLE, ROBERT",199244.0,61061.0,Nevada,63517.0,2662.0,
280,1996,"CLINTON, BILL",246166.0,496597.0,"DOLE, ROBERT",196486.0,53945.0,New Hampshire,64946.0,2858.0,
281,1996,"CLINTON, BILL",1652361.0,3075860.0,"DOLE, ROBERT",1103099.0,320400.0,New Jersey,78231.0,2006.0,
282,1996,"CLINTON, BILL",273495.0,556074.0,"DOLE, ROBERT",232751.0,49828.0,New Mexico,41344.0,1798.0,
283,1996,"CLINTON, BILL",3649630.0,6439129.0,"DOLE, ROBERT",1738707.0,1050792.0,New York,58358.0,1229.0,
284,1996,"CLINTON, BILL",1107849.0,2515807.0,"DOLE, ROBERT",1225938.0,182020.0,North Carolina,58673.0,1661.0,
285,1996,"CLINTON, BILL",106905.0,266411.0,"DOLE, ROBERT",125050.0,34456.0,North Dakota,51865.0,1951.0,
286,1996,"CLINTON, BILL",2148222.0,4534434.0,"DOLE, ROBERT",1859883.0,526329.0,Ohio,56150.0,1752.0,
287,1996,"CLINTON, BILL",488105.0,1206713.0,"DOLE, ROBERT",582315.0,136293.0,Oklahoma,45218.0,1795.0,
288,1996,"CLINTON, BILL",649641.0,1377760.0,"DOLE, ROBERT",538152.0,189967.0,Oregon,58494.0,2100.0,
289,1996,"CLINTON, BILL",2215819.0,4501307.0,"DOLE, ROBERT",1801169.0,484319.0,Pennsylvania,57516.0,1605.0,
290,1996,"CLINTON, BILL",233050.0,390247.0,"DOLE, ROBERT",104683.0,52514.0,Rhode Island,60956.0,1707.0,
291,1996,"CLINTON, BILL",506152.0,1150182.0,"DOLE, ROBERT",573339.0,70691.0,South Carolina,57131.0,2316.0,
292,1996,"CLINTON, BILL",139333.0,323826.0,"DOLE, ROBERT",150543.0,33950.0,South Dakota,48661.0,1653.0,
293,1996,"CLINTON, BILL",909146.0,1894105.0,"DOLE, ROBERT",863530.0,121429.0,Tennessee,50744.0,1791.0,
294,1996,"CLINTON, BILL",2459683.0,5611644.0,"DOLE, ROBERT",2736167.0,415794.0,Texas,54505.0,1257.0,
295,1996,"CLINTON, BILL",221633.0,665629.0,"DOLE, ROBERT",361911.0,82085.0,Utah,61041.0,2192.0,
296,1996,"CLINTON, BILL",137894.0,258449.0,"DOLE, ROBERT",80352.0,40203.0,Vermont,53328.0,2060.0,
297,1996,"CLINTON, BILL",1091060.0,2416642.0,"DOLE, ROBERT",1138350.0,187232.0,Virginia,64623.0,2405.0,
298,1996,"CLINTON, BILL",1123323.0,2253837.0,"DOLE, ROBERT",840712.0,289802.0,Washington,60445.0,2650.0,
299,1996,"CLINTON, BILL",327812.0,636459.0,"DOLE, ROBERT",233946.0,74701.0,West Virginia,41609.0,2144.0,
300,1996,"CLINTON, BILL",1071971.0,2196169.0,"DOLE, ROBERT",845029.0,279169.0,Wisconsin,65925.0,2934.0,
301,1996,"CLINTON, BILL",77934.0,211571.0,"DOLE, ROBERT",105388.0,28249.0,Wyoming,51013.0,1414.0,
302,2000,"GORE, AL",692611.0,1666272.0,"BUSH, GEORGE W.",941173.0,32488.0,Alabama,53395.0,1616.0,4447100.0
303,2000,"GORE, AL",79004.0,285560.0,"BUSH, GEORGE W.",167398.0,39158.0,Alaska,79657.0,1747.0,626932.0
304,2000,"GORE, AL",685341.0,1532016.0,"BUSH, GEORGE W.",781652.0,65023.0,Arizona,59966.0,1824.0,5130632.0
305,2000,"GORE, AL",422768.0,921781.0,"BUSH, GEORGE W.",472940.0,26073.0,Arkansas,44763.0,1164.0,2673400.0
306,2000,"GORE, AL",5861203.0,10965822.0,"BUSH, GEORGE W.",4567429.0,537190.0,California,70566.0,1034.0,33871648.0
307,2000,"GORE, AL",738227.0,1741368.0,"BUSH, GEORGE W.",883748.0,119393.0,Colorado,72713.0,1865.0,4301261.0
308,2000,"GORE, AL",816015.0,1459525.0,"BUSH, GEORGE W.",561094.0,82416.0,Connecticut,75625.0,2045.0,3405565.0
309,2000,"GORE, AL",180068.0,327529.0,"BUSH, GEORGE W.",137288.0,10173.0,Delaware,75916.0,2273.0,783600.0
310,2000,"GORE, AL",171923.0,201894.0,"BUSH, GEORGE W.",18073.0,11898.0,District Of Columbia,,,
311,2000,"GORE, AL",2912253.0,5963110.0,"BUSH, GEORGE W.",2912790.0,138067.0,Florida,58568.0,1120.0,15982378.0
312,2000,"GORE, AL",1116230.0,2583208.0,"BUSH, GEORGE W.",1419720.0,47258.0,Georgia,63158.0,1253.0,8186453.0
313,2000,"GORE, AL",205286.0,367951.0,"BUSH, GEORGE W.",137845.0,24820.0,Hawaii,77696.0,1798.0,1211537.0
314,2000,"GORE, AL",138637.0,501615.0,"BUSH, GEORGE W.",336937.0,26041.0,Idaho,56692.0,1797.0,1293953.0
315,2000,"GORE, AL",2589026.0,4742108.0,"BUSH, GEORGE W.",2019421.0,133661.0,Illinois,69433.0,1456.0,12419293.0
316,2000,"GORE, AL",901980.0,2199302.0,"BUSH, GEORGE W.",1245836.0,51486.0,Indiana,61596.0,1023.0,6080485.0
317,2000,"GORE, AL",638517.0,1353022.0,"BUSH, GEORGE W.",634373.0,80132.0,Iowa,61786.0,1222.0,2926324.0
318,2000,"GORE, AL",399276.0,1072216.0,"BUSH, GEORGE W.",622332.0,50608.0,Kansas,61889.0,1761.0,2688418.0
319,2000,"GORE, AL",638923.0,1544106.0,"BUSH, GEORGE W.",872520.0,32663.0,Kentucky,54663.0,1278.0,4041769.0
320,2000,"GORE, AL",792344.0,1765656.0,"BUSH, GEORGE W.",927871.0,45441.0,Louisiana,46302.0,1248.0,4468976.0
321,2000,"GORE, AL",319951.0,651817.0,"BUSH, GEORGE W.",286616.0,45250.0,Maine,56172.0,1286.0,1274923.0
322,2000,"GORE, AL",1144008.0,2025212.0,"BUSH, GEORGE W.",813827.0,67377.0,Maryland,82201.0,2110.0,5296486.0
323,2000,"GORE, AL",1616487.0,2733964.0,"BUSH, GEORGE W.",878502.0,238975.0,Massachusetts,70472.0,2045.0,6349097.0
324,2000,"GORE, AL",2170418.0,4232501.0,"BUSH, GEORGE W.",1953139.0,108944.0,Michigan,68601.0,1651.0,9938444.0
325,2000,"GORE, AL",1168266.0,2438685.0,"BUSH, GEORGE W.",1109659.0,160760.0,Minnesota,81773.0,2567.0,4919479.0
326,2000,"GORE, AL",404614.0,994184.0,"BUSH, GEORGE W.",572844.0,16726.0,Mississippi,51699.0,2041.0,2844658.0
327,2000,"GORE, AL",1111138.0,2359892.0,"BUSH, GEORGE W.",1189924.0,58830.0,Missouri,67975.0,1789.0,5595211.0
328,2000,"GORE, AL",137126.0,410986.0,"BUSH, GEORGE W.",240178.0,33682.0,Montana,49405.0,1509.0,902195.0
329,2000,"GORE, AL",231780.0,697019.0,"BUSH, GEORGE W.",433862.0,31377.0,Nebraska,62930.0,1534.0,1711263.0
330,2000,"GORE, AL",279978.0,609426.0,"BUSH, GEORGE W.",301575.0,27873.0,Nevada,68972.0,1524.0,1998257.0
331,2000,"GORE, AL",266348.0,569081.0,"BUSH, GEORGE W.",273559.0,29174.0,New Hampshire,76762.0,1874.0,1235786.0
332,2000,"GORE, AL",1788850.0,3187226.0,"BUSH, GEORGE W.",1284173.0,114203.0,New Jersey,75976.0,1494.0,8414350.0
333,2000,"GORE, AL",286783.0,598605.0,"BUSH, GEORGE W.",286417.0,25405.0,New Mexico,52896.0,1881.0,1819046.0
334,2000,"GORE, AL",3942215.0,6960215.0,"BUSH, GEORGE W.",2258577.0,759423.0,New York,61414.0,876.0,18976457.0
335,2000,"GORE, AL",1257692.0,2914990.0,"BUSH, GEORGE W.",1631163.0,26135.0,North Carolina,57756.0,1215.0,8049313.0
336,2000,"GORE, AL",95284.0,288256.0,"BUSH, GEORGE W.",174852.0,18120.0,North Dakota,54257.0,1605.0,642200.0
337,2000,"GORE, AL",2183628.0,4701998.0,"BUSH, GEORGE W.",2350363.0,168007.0,Ohio,64757.0,1103.0,11353140.0
338,2000,"GORE, AL",474276.0,1234229.0,"BUSH, GEORGE W.",744337.0,15616.0,Oklahoma,48885.0,1069.0,3450654.0
339,2000,"GORE, AL",720342.0,1533950.0,"BUSH, GEORGE W.",713577.0,100031.0,Oregon,64059.0,1411.0,3421399.0
340,2000,"GORE, AL",2485967.0,4912185.0,"BUSH, GEORGE W.",2281127.0,145091.0,Pennsylvania,63573.0,1061.0,12281054.0
341,2000,"GORE, AL",249508.0,409112.0,"BUSH, GEORGE W.",130555.0,29049.0,Rhode Island,63604.0,1534.0,1048319.0
342,2000,"GORE, AL",566037.0,1383902.0,"BUSH, GEORGE W.",786892.0,30973.0,South Carolina,56630.0,1412.0,4012012.0
343,2000,"GORE, AL",118804.0,316269.0,"BUSH, GEORGE W.",190700.0,6765.0,South Dakota,54979.0,1036.0,754844.0
344,2000,"GORE, AL",981720.0,2076181.0,"BUSH, GEORGE W.",1061949.0,32512.0,Tennessee,51393.0,1402.0,5689283.0
345,2000,"GORE, AL",2433746.0,6407637.0,"BUSH, GEORGE W.",3799639.0,174252.0,Texas,58196.0,1183.0,20851820.0
346,2000,"GORE, AL",203053.0,770754.0,"BUSH, GEORGE W.",515096.0,52605.0,Utah,71673.0,1569.0,2233169.0
347,2000,"GORE, AL",149022.0,294308.0,"BUSH, GEORGE W.",119775.0,25511.0,Vermont,59681.0,1388.0,608827.0
348,2000,"GORE, AL",1217290.0,2739447.0,"BUSH, GEORGE W.",1437490.0,84667.0,Virginia,71090.0,1605.0,7078515.0
349,2000,"GORE, AL",1247652.0,2487433.0,"BUSH, GEORGE W.",1108864.0,130917.0,Washington,64099.0,1825.0,5894121.0
350,2000,"GORE, AL",295497.0,648124.0,"BUSH, GEORGE W.",336475.0,16152.0,West Virginia,44332.0,972.0,1808344.0
351,2000,"GORE, AL",1242987.0,2598607.0,"BUSH, GEORGE W.",1237279.0,118341.0,Wisconsin,67962.0,1435.0,5363675.0
352,2000,"GORE, AL",60481.0,213726.0,"BUSH, GEORGE W.",147947.0,5298.0,Wyoming,59733.0,1592.0,493782.0
353,2004,"KERRY, JOHN",693933.0,1883415.0,"BUSH, GEORGE W.",1176394.0,13088.0,Alabama,50317.0,1790.0,
354,2004,"KERRY, JOHN",111025.0,312598.0,"BUSH, GEORGE W.",190889.0,10684.0,Alaska,75640.0,2845.0,
355,2004,"KERRY, JOHN",893524.0,2012585.0,"BUSH, GEORGE W.",1104294.0,14767.0,Arizona,60231.0,1570.0,
356,2004,"KERRY, JOHN",469953.0,1054945.0,"BUSH, GEORGE W.",572898.0,12094.0,Arkansas,48057.0,1365.0,
357,2004,"KERRY, JOHN",6745485.0,12421353.0,"BUSH, GEORGE W.",5509826.0,166042.0,California,67616.0,907.0,
358,2004,"KERRY, JOHN",1001732.0,2129630.0,"BUSH, GEORGE W.",1101255.0,26643.0,Colorado,69902.0,2184.0,
359,2004,"KERRY, JOHN",857488.0,1578769.0,"BUSH, GEORGE W.",693826.0,27455.0,Connecticut,75691.0,2264.0,
360,2004,"KERRY, JOHN",200152.0,375190.0,"BUSH, GEORGE W.",171660.0,3378.0,Delaware,66005.0,1952.0,
361,2004,"KERRY, JOHN",202970.0,227586.0,"BUSH, GEORGE W.",21256.0,3360.0,District Of Columbia,,,
362,2004,"KERRY, JOHN",3583544.0,7609810.0,"BUSH, GEORGE W.",3964522.0,61744.0,Florida,55683.0,868.0,
363,2004,"KERRY, JOHN",1366149.0,3301875.0,"BUSH, GEORGE W.",1914254.0,21472.0,Georgia,56299.0,849.0,
364,2004,"KERRY, JOHN",231708.0,429013.0,"BUSH, GEORGE W.",194191.0,3114.0,Hawaii,77259.0,2322.0,
365,2004,"KERRY, JOHN",181098.0,598376.0,"BUSH, GEORGE W.",409235.0,8043.0,Idaho,60934.0,1905.0,
366,2004,"KERRY, JOHN",2891550.0,5274322.0,"BUSH, GEORGE W.",2345946.0,36826.0,Illinois,63296.0,1131.0,
367,2004,"KERRY, JOHN",969011.0,2468002.0,"BUSH, GEORGE W.",1479438.0,19553.0,Indiana,58147.0,1581.0,
368,2004,"KERRY, JOHN",741898.0,1506908.0,"BUSH, GEORGE W.",751957.0,13053.0,Iowa,59606.0,2089.0,
369,2004,"KERRY, JOHN",434993.0,1187756.0,"BUSH, GEORGE W.",736456.0,16307.0,Kansas,56412.0,2403.0,
370,2004,"KERRY, JOHN",712733.0,1795882.0,"BUSH, GEORGE W.",1069439.0,13710.0,Kentucky,48917.0,1673.0,
371,2004,"KERRY, JOHN",820299.0,1943106.0,"BUSH, GEORGE W.",1102169.0,20638.0,Louisiana,50042.0,1708.0,
372,2004,"KERRY, JOHN",396842.0,740752.0,"BUSH, GEORGE W.",330201.0,13709.0,Maine,56773.0,1680.0,
373,2004,"KERRY, JOHN",1334493.0,2384238.0,"BUSH, GEORGE W.",1024703.0,25035.0,Maryland,78442.0,2324.0,
374,2004,OTHER,7.0,2384238.0,"BUSH, GEORGE W.",1024703.0,25035.0,Maryland,78442.0,2324.0,
375,2004,"KERRY, JOHN",1803800.0,2927455.0,"BUSH, GEORGE W.",1071109.0,52546.0,Massachusetts,71458.0,2290.0,
376,2004,"KERRY, JOHN",2479183.0,4839252.0,"BUSH, GEORGE W.",2313746.0,46323.0,Michigan,58047.0,1179.0,
377,2004,"KERRY, JOHN",1445014.0,2828387.0,"BUSH, GEORGE W.",1346695.0,36678.0,Minnesota,77070.0,1470.0,
378,2004,"KERRY, JOHN",457766.0,1139824.0,"BUSH, GEORGE W.",672660.0,9398.0,Mississippi,47743.0,1555.0,
379,2004,"KERRY, JOHN",1259171.0,2731364.0,"BUSH, GEORGE W.",1455713.0,16480.0,Missouri,57883.0,1474.0,
380,2004,"KERRY, JOHN",173710.0,450434.0,"BUSH, GEORGE W.",266063.0,10661.0,Montana,46645.0,974.0,
381,2004,"KERRY, JOHN",254328.0,778186.0,"BUSH, GEORGE W.",512814.0,11044.0,Nebraska,60149.0,1830.0,
382,2004,"KERRY, JOHN",397190.0,829587.0,"BUSH, GEORGE W.",418690.0,13707.0,Nevada,64844.0,1898.0,
383,2004,"KERRY, JOHN",340511.0,678287.0,"BUSH, GEORGE W.",331237.0,6539.0,New Hampshire,78046.0,1819.0,
384,2004,"KERRY, JOHN",1911430.0,3611691.0,"BUSH, GEORGE W.",1670003.0,30258.0,New Jersey,75931.0,1762.0,
385,2004,"KERRY, JOHN",370942.0,756304.0,"BUSH, GEORGE W.",376930.0,8432.0,New Mexico,54346.0,2176.0,
386,2004,"KERRY, JOHN",4180755.0,7448266.0,"BUSH, GEORGE W.",2806993.0,460518.0,New York,61334.0,1088.0,
387,2004,"KERRY, JOHN",1525849.0,3501007.0,"BUSH, GEORGE W.",1961166.0,13992.0,North Carolina,55275.0,1115.0,
388,2004,"KERRY, JOHN",111052.0,312833.0,"BUSH, GEORGE W.",196651.0,5130.0,North Dakota,53876.0,1718.0,
389,2004,"KERRY, JOHN",2741165.0,5627903.0,"BUSH, GEORGE W.",2859764.0,26974.0,Ohio,59144.0,1342.0,
390,2004,"KERRY, JOHN",943163.0,1836782.0,"BUSH, GEORGE W.",866831.0,26788.0,Oregon,56313.0,1444.0,
391,2004,"KERRY, JOHN",2938095.0,5769590.0,"BUSH, GEORGE W.",2793847.0,37648.0,Pennsylvania,60588.0,1427.0,
392,2004,"KERRY, JOHN",259760.0,437134.0,"BUSH, GEORGE W.",169046.0,8328.0,Rhode Island,65848.0,2709.0,
393,2004,"KERRY, JOHN",661669.0,1617700.0,"BUSH, GEORGE W.",937974.0,18057.0,South Carolina,53150.0,1403.0,
394,2004,"KERRY, JOHN",149244.0,388215.0,"BUSH, GEORGE W.",232584.0,6387.0,South Dakota,56468.0,1367.0,
395,2004,"KERRY, JOHN",1036477.0,2437319.0,"BUSH, GEORGE W.",1384375.0,16467.0,Tennessee,52299.0,1452.0,
396,2004,"KERRY, JOHN",2832704.0,7410749.0,"BUSH, GEORGE W.",4526917.0,51128.0,Texas,56867.0,754.0,
397,2004,"KERRY, JOHN",241199.0,927844.0,"BUSH, GEORGE W.",663742.0,22903.0,Utah,69881.0,1273.0,
398,2004,"KERRY, JOHN",184067.0,312309.0,"BUSH, GEORGE W.",121180.0,7062.0,Vermont,65016.0,1745.0,
399,2004,"KERRY, JOHN",1454742.0,3195415.0,"BUSH, GEORGE W.",1716959.0,23714.0,Virginia,70252.0,1533.0,
400,2004,"KERRY, JOHN",1510201.0,2859084.0,"BUSH, GEORGE W.",1304894.0,43989.0,Washington,68578.0,1467.0,
401,2004,"KERRY, JOHN",326541.0,755792.0,"BUSH, GEORGE W.",423778.0,5473.0,West Virginia,45844.0,1611.0,
402,2004,"KERRY, JOHN",1489504.0,2997007.0,"BUSH, GEORGE W.",1478120.0,29383.0,Wisconsin,62822.0,1837.0,
403,2004,"KERRY, JOHN",70776.0,243861.0,"BUSH, GEORGE W.",167629.0,5456.0,Wyoming,62362.0,1574.0,
404,2008,"OBAMA, BARACK H.",813479.0,2099819.0,"MCCAIN, JOHN",1266546.0,19794.0,Alabama,53602.0,1999.0,
405,2008,"OBAMA, BARACK H.",123594.0,326197.0,"MCCAIN, JOHN",193841.0,8762.0,Alaska,77119.0,2774.0,
406,2008,"OBAMA, BARACK H.",1034707.0,2293475.0,"MCCAIN, JOHN",1230111.0,28657.0,Arizona,56540.0,1356.0,
407,2008,"OBAMA, BARACK H.",422310.0,1086617.0,"MCCAIN, JOHN",638017.0,26290.0,Arkansas,47708.0,1439.0,
408,2008,"OBAMA, BARACK H.",8274473.0,13561900.0,"MCCAIN, JOHN",5011781.0,275646.0,California,68712.0,999.0,
409,2008,"OBAMA, BARACK H.",1288576.0,2401361.0,"MCCAIN, JOHN",1073589.0,39196.0,Colorado,73448.0,2287.0,
410,2008,"OBAMA, BARACK H.",997772.0,1646792.0,"MCCAIN, JOHN",629428.0,19592.0,Connecticut,77954.0,3255.0,
411,2008,"OBAMA, BARACK H.",255459.0,412412.0,"MCCAIN, JOHN",152374.0,4579.0,Delaware,61105.0,1673.0,
412,2008,"OBAMA, BARACK H.",245800.0,265853.0,"MCCAIN, JOHN",17367.0,2686.0,District Of Columbia,,,
413,2008,"OBAMA, BARACK H.",4282074.0,8390744.0,"MCCAIN, JOHN",4045624.0,63046.0,Florida,54061.0,1034.0,
414,2008,"OBAMA, BARACK H.",1844123.0,3924486.0,"MCCAIN, JOHN",2048759.0,31604.0,Georgia,55712.0,1403.0,
415,2008,"OBAMA, BARACK H.",325871.0,456064.0,"MCCAIN, JOHN",120566.0,9627.0,Hawaii,74144.0,1785.0,
416,2008,"OBAMA, BARACK H.",236440.0,655122.0,"MCCAIN, JOHN",403012.0,15670.0,Idaho,57150.0,2026.0,
417,2008,"OBAMA, BARACK H.",3419348.0,5522371.0,"MCCAIN, JOHN",2031179.0,71844.0,Illinois,64181.0,1597.0,
418,2008,"OBAMA, BARACK H.",1374039.0,2751054.0,"MCCAIN, JOHN",1345648.0,31367.0,Indiana,56065.0,1428.0,
419,2008,"OBAMA, BARACK H.",828940.0,1537123.0,"MCCAIN, JOHN",682379.0,25804.0,Iowa,60430.0,1558.0,
420,2008,"OBAMA, BARACK H.",514765.0,1235872.0,"MCCAIN, JOHN",699655.0,21452.0,Kansas,57701.0,1699.0,
421,2008,"OBAMA, BARACK H.",751985.0,1826620.0,"MCCAIN, JOHN",1048462.0,26173.0,Kentucky,49591.0,979.0,
422,2008,"OBAMA, BARACK H.",782989.0,1960761.0,"MCCAIN, JOHN",1148275.0,29497.0,Louisiana,47681.0,1791.0,
423,2008,"OBAMA, BARACK H.",421923.0,731163.0,"MCCAIN, JOHN",295273.0,13967.0,Maine,56918.0,1731.0,
424,2008,"OBAMA, BARACK H.",1629467.0,2631596.0,"MCCAIN, JOHN",959862.0,42267.0,Maryland,76784.0,2132.0,
425,2008,"OBAMA, BARACK H.",1904097.0,3102995.0,"MCCAIN, JOHN",1108854.0,90044.0,Massachusetts,72697.0,2017.0,
426,2008,"OBAMA, BARACK H.",2872579.0,5001596.0,"MCCAIN, JOHN",2048639.0,80378.0,Michigan,60004.0,1391.0,
427,2008,"OBAMA, BARACK H.",1573354.0,2910369.0,"MCCAIN, JOHN",1275409.0,61606.0,Minnesota,66195.0,1720.0,
428,2008,"OBAMA, BARACK H.",554662.0,1289865.0,"MCCAIN, JOHN",724597.0,10606.0,Mississippi,43924.0,1000.0,
429,2008,"OBAMA, BARACK H.",1441911.0,2925205.0,"MCCAIN, JOHN",1445814.0,37480.0,Missouri,55484.0,1381.0,
430,2008,"OBAMA, BARACK H.",231667.0,490109.0,"MCCAIN, JOHN",242763.0,15679.0,Montana,51702.0,2126.0,
431,2008,"OBAMA, BARACK H.",333319.0,801281.0,"MCCAIN, JOHN",452979.0,14983.0,Nebraska,61137.0,1511.0,
432,2008,"OBAMA, BARACK H.",533736.0,967848.0,"MCCAIN, JOHN",412827.0,21285.0,Nevada,65977.0,3203.0,
433,2008,"OBAMA, BARACK H.",384826.0,710970.0,"MCCAIN, JOHN",316534.0,9610.0,New Hampshire,79754.0,3861.0,
434,2008,"OBAMA, BARACK H.",2215422.0,3868237.0,"MCCAIN, JOHN",1613207.0,39608.0,New Jersey,78706.0,2768.0,
435,2008,"OBAMA, BARACK H.",472422.0,830158.0,"MCCAIN, JOHN",346832.0,10904.0,New Mexico,50741.0,1664.0,
436,2008,"OBAMA, BARACK H.",4645332.0,7722019.0,"MCCAIN, JOHN",2418323.0,658364.0,New York,60815.0,822.0,
437,2008,"OBAMA, BARACK H.",2142651.0,4310851.0,"MCCAIN, JOHN",2128474.0,39726.0,North Carolina,51739.0,1020.0,
438,2008,"OBAMA, BARACK H.",141278.0,316621.0,"MCCAIN, JOHN",168601.0,6742.0,North Dakota,59815.0,1432.0,
439,2008,"OBAMA, BARACK H.",2940044.0,5708350.0,"MCCAIN, JOHN",2677820.0,90486.0,Ohio,56564.0,1022.0,
440,2008,"OBAMA, BARACK H.",1037291.0,1827864.0,"MCCAIN, JOHN",738475.0,52098.0,Oregon,62341.0,1656.0,
441,2008,"OBAMA, BARACK H.",3276363.0,6013272.0,"MCCAIN, JOHN",2655885.0,81024.0,Pennsylvania,61949.0,710.0,
442,2008,"OBAMA, BARACK H.",296571.0,471766.0,"MCCAIN, JOHN",165391.0,9804.0,Rhode Island,64165.0,2891.0,
443,2008,"OBAMA, BARACK H.",862449.0,1920969.0,"MCCAIN, JOHN",1034896.0,23624.0,South Carolina,50805.0,1351.0,
444,2008,"OBAMA, BARACK H.",170924.0,381975.0,"MCCAIN, JOHN",203054.0,7997.0,South Dakota,62188.0,1199.0,
445,2008,"OBAMA, BARACK H.",1087437.0,2599749.0,"MCCAIN, JOHN",1479178.0,33134.0,Tennessee,47848.0,1459.0,
446,2008,"OBAMA, BARACK H.",3528633.0,8077795.0,"MCCAIN, JOHN",4479328.0,69834.0,Texas,56029.0,812.0,
447,2008,"OBAMA, BARACK H.",327670.0,952370.0,"MCCAIN, JOHN",596030.0,28670.0,Utah,75369.0,1839.0,
448,2008,"OBAMA, BARACK H.",219262.0,325046.0,"MCCAIN, JOHN",98974.0,6810.0,Vermont,61110.0,1183.0,
449,2008,"OBAMA, BARACK H.",1959532.0,3723260.0,"MCCAIN, JOHN",1725005.0,38723.0,Virginia,74703.0,1744.0,
450,2008,"OBAMA, BARACK H.",1750848.0,3036878.0,"MCCAIN, JOHN",1229216.0,56814.0,Washington,68251.0,2436.0,
451,2008,"OBAMA, BARACK H.",303857.0,713451.0,"MCCAIN, JOHN",397466.0,12128.0,West Virginia,45790.0,1692.0,
452,2008,"OBAMA, BARACK H.",1677211.0,2983417.0,"MCCAIN, JOHN",1262393.0,43813.0,Wisconsin,61705.0,1027.0,
453,2008,"OBAMA, BARACK H.",82868.0,254904.0,"MCCAIN, JOHN",164958.0,7078.0,Wyoming,64281.0,1901.0,
454,2012,"OBAMA, BARACK H.",795696.0,2074338.0,"ROMNEY, MITT",1255925.0,22717.0,Alabama,49092.0,2856.0,
455,2012,"OBAMA, BARACK H.",122640.0,300495.0,"ROMNEY, MITT",164676.0,13179.0,Alaska,71889.0,3207.0,
456,2012,"OBAMA, BARACK H.",1025232.0,2299254.0,"ROMNEY, MITT",1233654.0,40368.0,Arizona,53135.0,3300.0,
457,2012,"OBAMA, BARACK H.",394409.0,1069468.0,"ROMNEY, MITT",647744.0,27315.0,Arkansas,44070.0,3176.0,
458,2012,"OBAMA, BARACK H.",7854285.0,13038547.0,"ROMNEY, MITT",4839958.0,344304.0,California,64403.0,1398.0,
459,2012,"OBAMA, BARACK H.",1323101.0,2569516.0,"ROMNEY, MITT",1185243.0,61172.0,Colorado,64668.0,3059.0,
460,2012,"OBAMA, BARACK H.",905083.0,1558204.0,"ROMNEY, MITT",634892.0,18229.0,Connecticut,72566.0,3222.0,
461,2012,"OBAMA, BARACK H.",242584.0,413890.0,"ROMNEY, MITT",165484.0,5822.0,Delaware,55313.0,2232.0,
462,2012,"OBAMA, BARACK H.",267070.0,293764.0,"ROMNEY, MITT",21381.0,5313.0,District Of Columbia,,,
463,2012,"OBAMA, BARACK H.",4237756.0,8474179.0,"ROMNEY, MITT",4163447.0,72976.0,Florida,52036.0,1254.0,
464,2012,"OBAMA, BARACK H.",1773827.0,3897839.0,"ROMNEY, MITT",2078688.0,45324.0,Georgia,54352.0,1699.0,
465,2012,"OBAMA, BARACK H.",306658.0,437159.0,"ROMNEY, MITT",121015.0,9486.0,Hawaii,63548.0,2547.0,
466,2012,"OBAMA, BARACK H.",212787.0,652274.0,"ROMNEY, MITT",420911.0,18576.0,Idaho,54127.0,3584.0,
467,2012,"OBAMA, BARACK H.",3019512.0,5242014.0,"ROMNEY, MITT",2135216.0,87286.0,Illinois,58437.0,1500.0,
468,2012,"OBAMA, BARACK H.",1152887.0,2624534.0,"ROMNEY, MITT",1420543.0,51104.0,Indiana,52135.0,2018.0,
469,2012,"OBAMA, BARACK H.",822544.0,1582180.0,"ROMNEY, MITT",730617.0,29019.0,Iowa,60362.0,2415.0,
470,2012,"OBAMA, BARACK H.",440726.0,1159971.0,"ROMNEY, MITT",692634.0,26611.0,Kansas,56477.0,2047.0,
471,2012,"OBAMA, BARACK H.",679370.0,1797212.0,"ROMNEY, MITT",1087190.0,30652.0,Kentucky,46406.0,2146.0,
472,2012,"OBAMA, BARACK H.",809141.0,1994065.0,"ROMNEY, MITT",1152262.0,32662.0,Louisiana,44146.0,1820.0,
473,2012,"OBAMA, BARACK H.",401306.0,724758.0,"ROMNEY, MITT",292276.0,31176.0,Maine,55523.0,2538.0,
474,2012,"OBAMA, BARACK H.",1677844.0,2707327.0,"ROMNEY, MITT",971869.0,57614.0,Maryland,81137.0,2091.0,
475,2012,"OBAMA, BARACK H.",1921290.0,3184196.0,"ROMNEY, MITT",1188314.0,74592.0,Massachusetts,71898.0,4262.0,
476,2012,"OBAMA, BARACK H.",2564569.0,4730961.0,"ROMNEY, MITT",2115256.0,51136.0,Michigan,56491.0,1711.0,
477,2012,"OBAMA, BARACK H.",1546167.0,2936561.0,"ROMNEY, MITT",1320225.0,70169.0,Minnesota,69796.0,1512.0,
478,2012,"OBAMA, BARACK H.",562949.0,1285584.0,"ROMNEY, MITT",710746.0,11889.0,Mississippi,41385.0,1746.0,
479,2012,"OBAMA, BARACK H.",1223796.0,2757323.0,"ROMNEY, MITT",1482440.0,51087.0,Missouri,56208.0,2306.0,
480,2012,"OBAMA, BARACK H.",201839.0,484048.0,"ROMNEY, MITT",267928.0,14281.0,Montana,50926.0,2897.0,
481,2012,"OBAMA, BARACK H.",302081.0,794379.0,"ROMNEY, MITT",475064.0,17234.0,Nebraska,58954.0,3048.0,
482,2012,"OBAMA, BARACK H.",531373.0,1014918.0,"ROMNEY, MITT",463567.0,19978.0,Nevada,53462.0,2861.0,
483,2012,"OBAMA, BARACK H.",369561.0,710972.0,"ROMNEY, MITT",329918.0,11493.0,New Hampshire,76600.0,2512.0,
484,2012,"OBAMA, BARACK H.",2122786.0,3638499.0,"ROMNEY, MITT",1478088.0,37625.0,New Jersey,75327.0,2214.0,
485,2012,"OBAMA, BARACK H.",415335.0,783758.0,"ROMNEY, MITT",335788.0,32635.0,New Mexico,49047.0,2561.0,
486,2012,"OBAMA, BARACK H.",4324228.0,7116784.0,"ROMNEY, MITT",2223397.0,569159.0,New York,53854.0,1790.0,
487,2012,"OBAMA, BARACK H.",2178391.0,4505372.0,"ROMNEY, MITT",2270395.0,56586.0,North Carolina,46933.0,1462.0,
488,2012,"OBAMA, BARACK H.",124966.0,322932.0,"ROMNEY, MITT",188320.0,9646.0,North Dakota,62987.0,2398.0,
489,2012,"OBAMA, BARACK H.",2827621.0,5580822.0,"ROMNEY, MITT",2661407.0,91794.0,Ohio,50121.0,1946.0,
490,2012,"OBAMA, BARACK H.",970488.0,1789270.0,"ROMNEY, MITT",754175.0,64607.0,Oregon,58479.0,2632.0,
491,2012,"OBAMA, BARACK H.",2990274.0,5742040.0,"ROMNEY, MITT",2680434.0,71332.0,Pennsylvania,58625.0,1587.0,
492,2012,"OBAMA, BARACK H.",279677.0,446049.0,"ROMNEY, MITT",157204.0,9168.0,Rhode Island,63324.0,2893.0,
493,2012,"OBAMA, BARACK H.",865941.0,1964118.0,"ROMNEY, MITT",1071645.0,26532.0,South Carolina,50150.0,2436.0,
494,2012,"OBAMA, BARACK H.",145039.0,363815.0,"ROMNEY, MITT",210610.0,8166.0,South Dakota,55813.0,1926.0,
495,2012,"OBAMA, BARACK H.",960709.0,2458577.0,"ROMNEY, MITT",1462330.0,35538.0,Tennessee,48562.0,2719.0,
496,2012,"OBAMA, BARACK H.",3308124.0,7993851.0,"ROMNEY, MITT",4569843.0,115884.0,Texas,58649.0,1073.0,
497,2012,"OBAMA, BARACK H.",251813.0,1017440.0,"ROMNEY, MITT",740600.0,25027.0,Utah,65895.0,3325.0,
498,2012,"OBAMA, BARACK H.",199239.0,299290.0,"ROMNEY, MITT",92698.0,7353.0,Vermont,62779.0,3422.0,
499,2012,"OBAMA, BARACK H.",1971820.0,3854489.0,"ROMNEY, MITT",1822522.0,60147.0,Virginia,73001.0,2446.0,
500,2012,"OBAMA, BARACK H.",1755396.0,3125516.0,"MITT, ROMNEY",1290670.0,79450.0,Washington,70239.0,2540.0,
501,2012,"OBAMA, BARACK H.",238269.0,670438.0,"ROMNEY, MITT",417655.0,14514.0,West Virginia,49192.0,3133.0,
502,2012,"OBAMA, BARACK H.",1620985.0,3071434.0,"ROMNEY, MITT",1410966.0,39483.0,Wisconsin,59952.0,1930.0,
503,2012,"OBAMA, BARACK H.",69286.0,250701.0,"ROMNEY, MITT",170962.0,10453.0,Wyoming,64959.0,3185.0,
504,2016,"CLINTON, HILLARY",729547.0,2123372.0,"TRUMP, DONALD J.",1318255.0,75570.0,Alabama,50936.0,2482.0,
505,2016,"CLINTON, HILLARY",116454.0,318608.0,"TRUMP, DONALD J.",163387.0,38767.0,Alaska,81680.0,4407.0,
506,2016,"CLINTON, HILLARY",1161167.0,2573165.0,"TRUMP, DONALD J.",1252401.0,159555.0,Arizona,61592.0,2126.0,
507,2016,,42.0,2573165.0,"TRUMP, DONALD J.",1252401.0,159555.0,Arizona,61592.0,2126.0,
508,2016,"CLINTON, HILLARY",380494.0,1130635.0,"TRUMP, DONALD J.",684872.0,65269.0,Arkansas,49518.0,2335.0,
509,2016,"CLINTON, HILLARY",8753788.0,14181595.0,"TRUMP, DONALD J.",4483810.0,943997.0,California,71879.0,1160.0,
510,2016,"CLINTON, HILLARY",1338870.0,2780220.0,"TRUMP, DONALD J.",1202484.0,238866.0,Colorado,76117.0,4449.0,
511,2016,"CLINTON, HILLARY",897572.0,1644920.0,"TRUMP, DONALD J.",673215.0,74133.0,Connecticut,81895.0,3672.0,
512,2016,"CLINTON, HILLARY",235603.0,441590.0,"TRUMP, DONALD J.",185127.0,20860.0,Delaware,62612.0,3227.0,
513,2016,"CLINTON, HILLARY",282830.0,312575.0,"TRUMP, DONALD J.",12723.0,17022.0,District Of Columbia,,,
514,2016,"CLINTON, HILLARY",4504975.0,9420039.0,"TRUMP, DONALD J.",4617886.0,297178.0,Florida,55202.0,901.0,
515,2016,"CLINTON, HILLARY",1877963.0,4114732.0,"TRUMP, DONALD J.",2089104.0,147665.0,Georgia,57738.0,1811.0,
516,2016,"CLINTON, HILLARY",266891.0,437664.0,"TRUMP, DONALD J.",128847.0,41926.0,Hawaii,77807.0,2707.0,
517,2016,"CLINTON, HILLARY",189765.0,690255.0,"TRUMP, DONALD J.",409055.0,91435.0,Idaho,61014.0,1360.0,
518,2016,"CLINTON, HILLARY",3090729.0,5536424.0,"TRUMP, DONALD J.",2146015.0,299680.0,Illinois,66215.0,1900.0,
519,2016,"CLINTON, HILLARY",1033126.0,2734958.0,"TRUMP, DONALD J.",1557286.0,144546.0,Indiana,60507.0,3103.0,
520,2016,"CLINTON, HILLARY",653669.0,1565580.0,"TRUMP, DONALD J.",800983.0,110928.0,Iowa,63743.0,2679.0,
521,2016,"CLINTON, HILLARY",427005.0,1184402.0,"TRUMP, DONALD J.",671018.0,86379.0,Kansas,61279.0,3525.0,
522,2016,"CLINTON, HILLARY",628854.0,1924149.0,"TRUMP, DONALD J.",1202971.0,92324.0,Kentucky,48938.0,2163.0,
523,2016,"CLINTON, HILLARY",780154.0,2029032.0,"TRUMP, DONALD J.",1178638.0,70240.0,Louisiana,45515.0,1291.0,
524,2016,"CLINTON, HILLARY",357735.0,771892.0,"TRUMP, DONALD J.",335593.0,78564.0,Maine,54857.0,3609.0,
525,2016,"CLINTON, HILLARY",1677928.0,2781446.0,"TRUMP, DONALD J.",943169.0,160012.0,Maryland,79562.0,2795.0,
526,2016,"CLINTON, HILLARY",1677928.0,2781446.0,"TRUMP, DONALD J.",259.0,160012.0,Maryland,79562.0,2795.0,
527,2016,"CLINTON, HILLARY",78.0,2781446.0,"TRUMP, DONALD J.",943169.0,160012.0,Maryland,79562.0,2795.0,
528,2016,"CLINTON, HILLARY",78.0,2781446.0,"TRUMP, DONALD J.",259.0,160012.0,Maryland,79562.0,2795.0,
529,2016,"CLINTON, HILLARY",1995196.0,3378821.0,"TRUMP, DONALD J.",1090893.0,292732.0,Massachusetts,77951.0,3140.0,
530,2016,"CLINTON, HILLARY",2268839.0,4799284.0,"TRUMP, DONALD J.",2279543.0,250902.0,Michigan,61582.0,2058.0,
531,2016,"CLINTON, HILLARY",1367705.0,2944782.0,"TRUMP, DONALD J.",1322949.0,254128.0,Minnesota,75742.0,4363.0,
532,2016,"CLINTON, HILLARY",485131.0,1209357.0,"TRUMP, DONALD J.",700714.0,23512.0,Mississippi,44332.0,1322.0,
533,2016,"CLINTON, HILLARY",1071068.0,2808605.0,"TRUMP, DONALD J.",1594511.0,143026.0,Missouri,59344.0,1854.0,
534,2016,"CLINTON, HILLARY",177709.0,494526.0,"TRUMP, DONALD J.",279240.0,37577.0,Montana,61565.0,3107.0,
535,2016,"CLINTON, HILLARY",284494.0,844227.0,"TRUMP, DONALD J.",495961.0,63772.0,Nebraska,64045.0,2889.0,
536,2016,"CLINTON, HILLARY",539260.0,1125385.0,"TRUMP, DONALD J.",512058.0,74067.0,Nevada,59791.0,2305.0,
537,2016,"CLINTON, HILLARY",348526.0,744296.0,"TRUMP, DONALD J.",345790.0,49980.0,New Hampshire,82259.0,3142.0,
538,2016,"CLINTON, HILLARY",2148278.0,3874046.0,"TRUMP, DONALD J.",1601933.0,123835.0,New Jersey,73854.0,3093.0,
539,2016,"CLINTON, HILLARY",385234.0,798319.0,"TRUMP, DONALD J.",319667.0,93418.0,New Mexico,52262.0,3194.0,
540,2016,"CLINTON, HILLARY",4379789.0,7802084.0,"TRUMP, DONALD J.",2527142.0,895153.0,New York,66270.0,1516.0,
541,2016,"CLINTON, HILLARY",2189316.0,4741564.0,"TRUMP, DONALD J.",2362631.0,189617.0,North Carolina,57993.0,1757.0,
542,2016,"CLINTON, HILLARY",93758.0,344360.0,"TRUMP, DONALD J.",216794.0,33808.0,North Dakota,64918.0,2470.0,
543,2016,"CLINTON, HILLARY",2394164.0,5496487.0,"TRUMP, DONALD J.",2841005.0,261318.0,Ohio,58232.0,2043.0,
544,2016,"CLINTON, HILLARY",420375.0,1452992.0,"TRUMP, DONALD J.",949136.0,83481.0,Oklahoma,54950.0,1782.0,
545,2016,"CLINTON, HILLARY",1002106.0,2001336.0,"TRUMP, DONALD J.",782403.0,216827.0,Oregon,63787.0,2828.0,
546,2016,"CLINTON, HILLARY",2926441.0,6115402.0,"TRUMP, DONALD J.",2970733.0,218228.0,Pennsylvania,65776.0,2196.0,
547,2016,"CLINTON, HILLARY",252525.0,464144.0,"TRUMP, DONALD J.",180543.0,31076.0,Rhode Island,66368.0,3050.0,
548,2016,"CLINTON, HILLARY",855373.0,2103027.0,"TRUMP, DONALD J.",1155389.0,92265.0,South Carolina,58610.0,3401.0,
549,2016,"CLINTON, HILLARY",117458.0,370093.0,"TRUMP, DONALD J.",227721.0,24914.0,South Dakota,61969.0,3317.0,
550,2016,"CLINTON, HILLARY",870695.0,2508027.0,"TRUMP, DONALD J.",1522925.0,114407.0,Tennessee,55383.0,1496.0,
551,2016,"CLINTON, HILLARY",3877868.0,8969226.0,"TRUMP, DONALD J.",4685047.0,406311.0,Texas,62720.0,1518.0,
552,2016,"CLINTON, HILLARY",310674.0,1131317.0,"TRUMP, DONALD J.",515211.0,305432.0,Utah,72789.0,2413.0,
553,2016,"CLINTON, HILLARY",178573.0,320467.0,"TRUMP, DONALD J.",95369.0,46525.0,Vermont,65623.0,1471.0,
554,2016,"CLINTON, HILLARY",1981473.0,3982752.0,"TRUMP, DONALD J.",1769443.0,231836.0,Virginia,71678.0,2628.0,
555,2016,"CLINTON, HILLARY",1742718.0,3317019.0,"TRUMP, DONALD J.",1221747.0,352554.0,Washington,75841.0,2257.0,
556,2016,"CLINTON, HILLARY",188794.0,713051.0,"TRUMP, DONALD J.",489371.0,34886.0,West Virginia,47843.0,2151.0,
557,2016,"CLINTON, HILLARY",1382536.0,2976150.0,"TRUMP, DONALD J.",1405284.0,188330.0,Wisconsin,64522.0,1990.0,
558,2016,"CLINTON, HILLARY",55973.0,258788.0,"TRUMP, DONALD J.",174419.0,28396.0,Wyoming,62378.0,3368.0,
559,2020,"BIDEN, JOSEPH R. JR",849624.0,2323282.0,"TRUMP, DONALD J.",1441170.0,32488.0,Alabama,54393.0,2587.0,5024279.0
560,2020,"BIDEN, JOSEPH R. JR",153778.0,359530.0,"TRUMP, DONALD J.",189951.0,15801.0,Alaska,74476.0,3570.0,733391.0
561,2020,"BIDEN, JOSEPH R. JR",1672143.0,3387326.0,"TRUMP, DONALD J.",1661686.0,53497.0,Arizona,66628.0,3534.0,7151502.0
562,2020,"BIDEN, JOSEPH R. JR",423932.0,1219069.0,"TRUMP, DONALD J.",760647.0,34490.0,Arkansas,50540.0,1992.0,3011524.0
563,2020,"BIDEN, JOSEPH R. JR",11110250.0,17500881.0,"TRUMP, DONALD J.",6006429.0,384202.0,California,77358.0,1351.0,39538223.0
564,2020,"BIDEN, JOSEPH R. JR",1804352.0,3279980.0,"TRUMP, DONALD J.",1364607.0,111021.0,Colorado,82611.0,6144.0,5773714.0
565,2020,"BIDEN, JOSEPH R. JR",1080831.0,1823857.0,"TRUMP, DONALD J.",714717.0,28309.0,Connecticut,79043.0,3601.0,3605944.0
566,2020,"BIDEN, JOSEPH R. JR",296268.0,504346.0,"TRUMP, DONALD J.",200603.0,7475.0,Delaware,69132.0,5258.0,989948.0
567,2020,"BIDEN, JOSEPH R. JR",317323.0,344356.0,"TRUMP, DONALD J.",18586.0,8447.0,District Of Columbia,,,
568,2020,"BIDEN, JOSEPH R. JR",5297045.0,11067456.0,"TRUMP, DONALD J.",5668731.0,101680.0,Florida,57435.0,1766.0,21538187.0
569,2020,"BIDEN, JOSEPH R. JR",2473633.0,4999960.0,"TRUMP, DONALD J.",2461854.0,64473.0,Georgia,58952.0,2080.0,10711908.0
570,2020,"BIDEN, JOSEPH R. JR",366130.0,579784.0,"TRUMP, DONALD J.",196864.0,16790.0,Hawaii,80729.0,2487.0,1455271.0
571,2020,"BIDEN, JOSEPH R. JR",287021.0,868014.0,"TRUMP, DONALD J.",554119.0,26874.0,Idaho,66499.0,1961.0,1839106.0
572,2020,"BIDEN, JOSEPH R. JR",3471915.0,6033743.0,"TRUMP, DONALD J.",2446891.0,114937.0,Illinois,73753.0,2335.0,12812508.0
573,2020,"BIDEN, JOSEPH R. JR",1242416.0,3033118.0,"TRUMP, DONALD J.",1729519.0,61183.0,Indiana,66360.0,4086.0,6785528.0
574,2020,"BIDEN, JOSEPH R. JR",759061.0,1700130.0,"TRUMP, DONALD J.",897672.0,43397.0,Iowa,68469.0,3475.0,3190369.0
575,2020,"BIDEN, JOSEPH R. JR",570323.0,1372303.0,"TRUMP, DONALD J.",771406.0,30574.0,Kansas,72815.0,3671.0,2937880.0
576,2020,"BIDEN, JOSEPH R. JR",772474.0,2136768.0,"TRUMP, DONALD J.",1326646.0,37648.0,Kentucky,56525.0,2361.0,4505836.0
577,2020,"BIDEN, JOSEPH R. JR",856034.0,2148062.0,"TRUMP, DONALD J.",1255776.0,36252.0,Louisiana,50935.0,1637.0,4657757.0
578,2020,"BIDEN, JOSEPH R. JR",435072.0,828305.0,"TRUMP, DONALD J.",360737.0,32496.0,Maine,63440.0,3198.0,1362359.0
579,2020,"BIDEN, JOSEPH R. JR",1985023.0,3037030.0,"TRUMP, DONALD J.",976414.0,75593.0,Maryland,94384.0,4208.0,6177224.0
580,2020,"BIDEN, JOSEPH R. JR",2382202.0,3658005.0,"TRUMP, DONALD J.",1167202.0,108601.0,Massachusetts,86725.0,6349.0,7029917.0
581,2020,"BIDEN, JOSEPH R. JR",2804040.0,5539302.0,"TRUMP, DONALD J.",2649852.0,85410.0,Michigan,63829.0,3320.0,10077331.0
582,2020,"BIDEN, JOSEPH R. JR",1717077.0,3277171.0,"TRUMP, DONALD J.",1484065.0,76029.0,Minnesota,78461.0,3498.0,5706494.0
583,2020,"BIDEN, JOSEPH R. JR",539398.0,1313759.0,"TRUMP, DONALD J.",756764.0,17597.0,Mississippi,44966.0,2695.0,2961279.0
584,2020,"BIDEN, JOSEPH R. JR",1253014.0,3025962.0,"TRUMP, DONALD J.",1718736.0,54212.0,Missouri,61901.0,2594.0,6154913.0
585,2020,"BIDEN, JOSEPH R. JR",244786.0,603674.0,"TRUMP, DONALD J.",343602.0,15286.0,Montana,56442.0,2479.0,1084225.0
586,2020,"BIDEN, JOSEPH R. JR",374583.0,956383.0,"TRUMP, DONALD J.",556846.0,24954.0,Nebraska,72024.0,2409.0,1961504.0
587,2020,"BIDEN, JOSEPH R. JR",703486.0,1405376.0,"TRUMP, DONALD J.",669890.0,32000.0,Nevada,60956.0,2448.0,3104614.0
588,2020,"BIDEN, JOSEPH R. JR",424921.0,806182.0,"TRUMP, DONALD J.",365654.0,15607.0,New Hampshire,88235.0,3325.0,1377529.0
589,2020,"BIDEN, JOSEPH R. JR",2608335.0,4549353.0,"TRUMP, DONALD J.",1883274.0,57744.0,New Jersey,85239.0,4164.0,9288994.0
590,2020,"BIDEN, JOSEPH R. JR",501614.0,923965.0,"TRUMP, DONALD J.",401894.0,20457.0,New Mexico,50822.0,1732.0,2117522.0
591,2020,"BIDEN, JOSEPH R. JR",5230985.0,8661735.0,"TRUMP, DONALD J.",3244798.0,185952.0,New York,68304.0,2384.0,20201249.0
592,2020,"BIDEN, JOSEPH R. JR",2684292.0,5524802.0,"TRUMP, DONALD J.",2758773.0,81737.0,North Carolina,60266.0,1823.0,10439388.0
593,2020,"BIDEN, JOSEPH R. JR",114902.0,361819.0,"TRUMP, DONALD J.",235595.0,11322.0,North Dakota,63657.0,2312.0,779094.0
594,2020,"BIDEN, JOSEPH R. JR",2679165.0,5922202.0,"TRUMP, DONALD J.",3154834.0,88203.0,Ohio,60110.0,1577.0,11799448.0
595,2020,"BIDEN, JOSEPH R. JR",503890.0,1560699.0,"TRUMP, DONALD J.",1020280.0,36529.0,Oklahoma,52341.0,1785.0,3959353.0
596,2020,"BIDEN, JOSEPH R. JR",1340383.0,2374321.0,"TRUMP, DONALD J.",958448.0,75490.0,Oregon,76554.0,3465.0,4237256.0
597,2020,"BIDEN, JOSEPH R. JR",3458229.0,6915283.0,"TRUMP, DONALD J.",3377674.0,79380.0,Pennsylvania,70117.0,3524.0,13002700.0
598,2020,"BIDEN, JOSEPH R. JR",307486.0,516990.0,"TRUMP, DONALD J.",199922.0,9582.0,Rhode Island,80012.0,3430.0,1097379.0
599,2020,"BIDEN, JOSEPH R. JR",1091541.0,2514096.0,"TRUMP, DONALD J.",1385103.0,37452.0,South Carolina,60097.0,2037.0,5118425.0
600,2020,"BIDEN, JOSEPH R. JR",150471.0,422609.0,"TRUMP, DONALD J.",261043.0,11095.0,South Dakota,69787.0,4317.0,886667.0
601,2020,"BIDEN, JOSEPH R. JR",1143711.0,3053851.0,"TRUMP, DONALD J.",1852475.0,57665.0,Tennessee,54665.0,1803.0,6910840.0
602,2020,"BIDEN, JOSEPH R. JR",5259126.0,11315056.0,"TRUMP, DONALD J.",5890347.0,165583.0,Texas,68093.0,1914.0,29145505.0
603,2020,"BIDEN, JOSEPH R. JR",560282.0,1488289.0,"TRUMP, DONALD J.",865140.0,62867.0,Utah,83670.0,2981.0,3271616.0
604,2020,"BIDEN, JOSEPH R. JR",242820.0,370968.0,"TRUMP, DONALD J.",112704.0,15444.0,Vermont,66902.0,4046.0,643077.0
605,2020,"BIDEN, JOSEPH R. JR",2413568.0,4460524.0,"TRUMP, DONALD J.",1962430.0,84526.0,Virginia,81947.0,3172.0,8631393.0
606,2020,"BIDEN, JOSEPH R. JR",2369612.0,4087631.0,"TRUMP, DONALD J.",1584651.0,133368.0,Washington,81083.0,3095.0,7705281.0
607,2020,"BIDEN, JOSEPH R. JR",235984.0,794652.0,"TRUMP, DONALD J.",545382.0,13286.0,West Virginia,51615.0,2177.0,1793716.0
608,2020,"BIDEN, JOSEPH R. JR",1630866.0,3298041.0,"TRUMP, DONALD J.",1610184.0,56991.0,Wisconsin,67094.0,4690.0,5893718.0
609,2020,"BIDEN, JOSEPH R. JR",73491.0,278503.0,"TRUMP, DONALD J.",193559.0,11453.0,Wyoming,65108.0,2152.0,576851.0
610,2020,,,,,,,District of Columbia,,,689545.0
611,2010,,,,,,,Alabama,,,4779736.0
612,2010,,,,,,,Alaska,,,710231.0
613,2010,,,,,,,Arizona,,,6392017.0
614,2010,,,,,,,Arkansas,,,2915918.0
615,2010,,,,,,,California,,,37253956.0
616,2010,,,,,,,Colorado,,,5029196.0
617,2010,,,,,,,Connecticut,,,3574097.0
618,2010,,,,,,,Delaware,,,897934.0
619,2010,,,,,,,District of Columbia,,,601723.0
620,2010,,,,,,,Florida,,,18801310.0
621,2010,,,,,,,Georgia,,,9687653.0
622,2010,,,,,,,Hawaii,,,1360301.0
623,2010,,,,,,,Idaho,,,1567582.0
624,2010,,,,,,,Illinois,,,12830632.0
625,2010,,,,,,,Indiana,,,6483802.0
626,2010,,,,,,,Iowa,,,3046355.0
627,2010,,,,,,,Kansas,,,2853118.0
628,2010,,,,,,,Kentucky,,,4339367.0
629,2010,,,,,,,Louisiana,,,4533372.0
630,2010,,,,,,,Maine,,,1328361.0
631,2010,,,,,,,Maryland,,,5773552.0
632,2010,,,,,,,Massachusetts,,,6547629.0
633,2010,,,,,,,Michigan,,,9883640.0
634,2010,,,,,,,Minnesota,,,5303925.0
635,2010,,,,,,,Mississippi,,,2967297.0
636,2010,,,,,,,Missouri,,,5988927.0
637,2010,,,,,,,Montana,,,989415.0
638,2010,,,,,,,Nebraska,,,1826341.0
639,2010,,,,,,,Nevada,,,2700551.0
640,2010,,,,,,,New Hampshire,,,1316470.0
641,2010,,,,,,,New Jersey,,,8791894.0
642,2010,,,,,,,New Mexico,,,2059179.0
643,2010,,,,,,,New York,,,19378102.0
644,2010,,,,,,,North Carolina,,,9535483.0
645,2010,,,,,,,North Dakota,,,672591.0
646,2010,,,,,,,Ohio,,,11536504.0
647,2010,,,,,,,Oklahoma,,,3751351.0
648,2010,,,,,,,Oregon,,,3831074.0
649,2010,,,,,,,Pennsylvania,,,12702379.0
650,2010,,,,,,,Rhode Island,,,1052567.0
651,2010,,,,,,,South Carolina,,,4625364.0
652,2010,,,,,,,South Dakota,,,814180.0
653,2010,,,,,,,Tennessee,,,6346105.0
654,2010,,,,,,,Texas,,,25145561.0
655,2010,,,,,,,Utah,,,2763885.0
656,2010,,,,,,,Vermont,,,625741.0
657,2010,,,,,,,Virginia,,,8001024.0
658,2010,,,,,,,Washington,,,6724540.0
659,2010,,,,,,,West Virginia,,,1852994.0
660,2010,,,,,,,Wisconsin,,,5686986.0
661,2010,,,,,,,Wyoming,,,563626.0
662,2000,,,,,,,District of Columbia,,,572059.0
663,1990,,,,,,,Alabama,,,4040587.0
664,1990,,,,,,,Alaska,,,550043.0
665,1990,,,,,,,Arizona,,,3665228.0
666,1990,,,,,,,Arkansas,,,2350725.0
667,1990,,,,,,,California,,,29760021.0
668,1990,,,,,,,Colorado,,,3294394.0
669,1990,,,,,,,Connecticut,,,3287116.0
670,1990,,,,,,,Delaware,,,666168.0
671,1990,,,,,,,District of Columbia,,,606900.0
672,1990,,,,,,,Florida,,,12937926.0
673,1990,,,,,,,Georgia,,,6478216.0
674,1990,,,,,,,Hawaii,,,1108229.0
675,1990,,,,,,,Idaho,,,1006749.0
676,1990,,,,,,,Illinois,,,11430602.0
677,1990,,,,,,,Indiana,,,5544159.0
678,1990,,,,,,,Iowa,,,2776755.0
679,1990,,,,,,,Kansas,,,2477574.0
680,1990,,,,,,,Kentucky,,,3685296.0
681,1990,,,,,,,Louisiana,,,4219973.0
682,1990,,,,,,,Maine,,,1227928.0
683,1990,,,,,,,Maryland,,,4781468.0
684,1990,,,,,,,Massachusetts,,,6016425.0
685,1990,,,,,,,Michigan,,,9295297.0
686,1990,,,,,,,Minnesota,,,4375099.0
687,1990,,,,,,,Mississippi,,,2573216.0
688,1990,,,,,,,Missouri,,,5117073.0
689,1990,,,,,,,Montana,,,799065.0
690,1990,,,,,,,Nebraska,,,1578385.0
691,1990,,,,,,,Nevada,,,1201833.0
692,1990,,,,,,,New Hampshire,,,1109252.0
693,1990,,,,,,,New Jersey,,,7730188.0
694,1990,,,,,,,New Mexico,,,1515069.0
695,1990,,,,,,,New York,,,17990455.0
696,1990,,,,,,,North Carolina,,,6628637.0
697,1990,,,,,,,North Dakota,,,638800.0
698,1990,,,,,,,Ohio,,,10847115.0
699,1990,,,,,,,Oklahoma,,,3145585.0
700,1990,,,,,,,Oregon,,,2842321.0
701,1990,,,,,,,Pennsylvania,,,11881643.0
702,1990,,,,,,,Rhode Island,,,1003464.0
703,1990,,,,,,,South Carolina,,,3486703.0
704,1990,,,,,,,South Dakota,,,696004.0
705,1990,,,,,,,Tennessee,,,4877185.0
706,1990,,,,,,,Texas,,,16986510.0
707,1990,,,,,,,Utah,,,1722850.0
708,1990,,,,,,,Vermont,,,562758.0
709,1990,,,,,,,Virginia,,,6187358.0
710,1990,,,,,,,Washington,,,4866692.0
711,1990,,,,,,,West Virginia,,,1793477.0
712,1990,,,,,,,Wisconsin,,,4891769.0
713,1990,,,,,,,Wyoming,,,453588.0
714,1980,,,,,,,District of Columbia,,,638333.0
